{"stat.chestOpened":7,"stat.walkOneCm":93416,"stat.drop.minecraft.wheat":2,"stat.leaveGame":5,"stat.mineBlock.minecraft.double_plant":1,"stat.talkedToVillager":1,"stat.jump":456,"stat.swimOneCm":669,"stat.fallOneCm":8030,"stat.climbOneCm":3833,"stat.crouchOneCm":391,"stat.pickup.minecraft.sapling":2,"stat.pickup.minecraft.dirt":12,"stat.drop.minecraft.egg":1,"stat.useItem.minecraft.stone_button":6,"stat.sprintOneCm":51954,"stat.useItem.minecraft.stone_slab2":42,"stat.dropperInspected":1,"stat.useItem.minecraft.egg":1,"stat.damageTaken":322,"stat.dispenserInspected":23,"stat.drop.minecraft.stone_button":1,"stat.mobKills":1,"stat.drop.props.props":1,"stat.flyOneCm":73734,"stat.deaths":1,"stat.pickup.props.props":3,"stat.pickup.minecraft.wheat_seeds":14,"stat.drop":6,"stat.pickup.minecraft.egg":2,"stat.playOneMinute":88188,"stat.drop.minecraft.wheat_seeds":1,"stat.pickup.minecraft.stone_button":3,"stat.sneakTime":172,"stat.pickup.minecraft.wool":29,"stat.damageDealt":105,"stat.timeSinceDeath":58579,"stat.mineBlock.minecraft.tallgrass":6,"stat.pickup.minecraft.wheat":7}