{"stats":{"minecraft:crafted":{"minecraft:potion":1},"minecraft:custom":{"minecraft:traded_with_villager":1,"minecraft:eat_cake_slice":1,"minecraft:time_since_death":548,"minecraft:climb_one_cm":570,"minecraft:time_since_rest":599,"minecraft:sprint_one_cm":97284,"minecraft:damage_taken":2742,"minecraft:walk_one_cm":155468,"minecraft:drop":70,"minecraft:damage_dealt":602,"minecraft:interact_with_beacon":1,"minecraft:talked_to_villager":2,"minecraft:fly_one_cm":131948,"minecraft:player_kills":2,"minecraft:open_chest":2,"minecraft:crouch_one_cm":4188,"minecraft:play_time":30981,"minecraft:deaths":8,"minecraft:sneak_time":1287,"minecraft:walk_under_water_one_cm":81,"minecraft:jump":768,"minecraft:walk_on_water_one_cm":938,"minecraft:total_world_time":30981,"minecraft:fall_one_cm":33149},"minecraft:dropped":{"minecraft:enchanted_book":1,"minecraft:iron_ingot":1,"minecraft:baked_potato":2,"minecraft:diamond":1,"minecraft:poisonous_potato":5,"minecraft:cobblestone":1,"minecraft:book":16,"minecraft:iron_hoe":2,"minecraft:apple":3,"minecraft:white_terracotta":8,"minecraft:tropical_fish":4,"minecraft:salmon":2,"minecraft:pufferfish":8,"minecraft:emerald":4,"minecraft:filled_map":1,"minecraft:poppy":1,"minecraft:potato":13,"minecraft:pumpkin_pie":1,"minecraft:gold_nugget":1,"minecraft:stone_pickaxe":2,"minecraft:iron_pickaxe":1,"minecraft:light_blue_terracotta":2},"minecraft:used":{"minecraft:stone_pickaxe":19,"minecraft:baked_potato":8,"minecraft:blue_wool":1,"lucky:lucky_sword":3,"minecraft:player_head":1,"minecraft:mutton":1,"minecraft:light_blue_wool":1,"minecraft:cod":3,"minecraft:bookshelf":5,"minecraft:iron_pickaxe":3,"minecraft:slime_block":1,"minecraft:map":1,"minecraft:fishing_rod":13,"minecraft:potato":16,"lucky:lucky_potion":10},"minecraft:mined":{"minecraft:quartz_block":2,"minecraft:player_wall_head":1,"minecraft:glass":2,"minecraft:slime_block":31,"minecraft:blue_wool":1,"minecraft:sandstone":3,"minecraft:sandstone_stairs":7,"minecraft:yellow_wool":1,"minecraft:iron_bars":1,"lucky:lucky_block":19,"minecraft:iron_block":2,"minecraft:magenta_wool":1,"minecraft:oak_leaves":2},"minecraft:broken":{"minecraft:fishing_rod":1},"minecraft:picked_up":{"minecraft:fishing_rod":1,"minecraft:enchanting_table":1,"minecraft:leather_chestplate":1,"minecraft:golden_carrot":3,"minecraft:anvil":1,"minecraft:salmon":13,"minecraft:potato":68,"minecraft:cooked_rabbit":3,"minecraft:enchanted_book":9,"lucky:lucky_potion":10,"minecraft:cooked_salmon":6,"minecraft:leather_boots":1,"minecraft:cooked_mutton":2,"minecraft:pufferfish":8,"minecraft:apple":3,"lucky:lucky_sword":1,"minecraft:iron_ingot":1,"minecraft:stone_pickaxe":2,"minecraft:player_head":2,"minecraft:iron_pickaxe":2,"minecraft:poppy":1,"minecraft:spruce_trapdoor":3,"minecraft:blue_wool":1,"minecraft:book":32,"minecraft:cooked_porkchop":1,"minecraft:red_wool":1,"minecraft:poisonous_potato":5,"minecraft:porkchop":1,"minecraft:cookie":2,"minecraft:carrot":1,"minecraft:iron_hoe":2,"minecraft:quartz_block":7,"minecraft:diamond":21,"minecraft:light_blue_terracotta":2,"minecraft:light_blue_wool":1,"minecraft:tropical_fish":4,"minecraft:slime_block":22,"minecraft:pumpkin_pie":1,"minecraft:sandstone_stairs":9,"minecraft:golden_apple":2,"minecraft:bookshelf":14,"minecraft:emerald":6,"minecraft:gold_ingot":3,"minecraft:bread":1,"minecraft:white_terracotta":8,"minecraft:baked_potato":20,"minecraft:mutton":1,"minecraft:cod":3,"minecraft:skeleton_skull":1,"minecraft:cobblestone":1},"minecraft:killed_by":{"minecraft:magma_cube":1}},"DataVersion":3465}