{"stat.chestOpened":3,"stat.walkOneCm":60898,"stat.drop.minecraft.wheat":2,"stat.leaveGame":5,"stat.mineBlock.minecraft.double_plant":1,"stat.talkedToVillager":1,"stat.jump":336,"stat.swimOneCm":669,"stat.fallOneCm":8030,"stat.climbOneCm":3693,"stat.crouchOneCm":123,"stat.pickup.minecraft.dirt":1,"stat.drop.minecraft.egg":1,"stat.sprintOneCm":40683,"stat.useItem.minecraft.stone_slab2":4,"stat.dropperInspected":1,"stat.useItem.minecraft.egg":1,"stat.damageTaken":322,"stat.flyOneCm":46868,"stat.deaths":1,"stat.pickup.props.props":3,"stat.pickup.minecraft.wheat_seeds":6,"stat.drop":4,"stat.pickup.minecraft.egg":2,"stat.playOneMinute":74688,"stat.drop.minecraft.wheat_seeds":1,"stat.sneakTime":22,"stat.damageDealt":65,"stat.timeSinceDeath":45079,"stat.mineBlock.minecraft.tallgrass":6,"stat.pickup.minecraft.wheat":2}