{"stats":{"minecraft:killed":{"minecraft:slime":5,"minecraft:sheep":1},"minecraft:crafted":{"minecraft:potion":1,"minecraft:splash_potion":1},"minecraft:custom":{"minecraft:mob_kills":6,"minecraft:traded_with_villager":2,"minecraft:eat_cake_slice":1,"minecraft:time_since_death":1939,"minecraft:climb_one_cm":570,"minecraft:time_since_rest":2031,"minecraft:sprint_one_cm":134756,"minecraft:damage_taken":4876,"minecraft:walk_one_cm":206281,"minecraft:drop":125,"minecraft:damage_dealt":863,"minecraft:interact_with_beacon":1,"minecraft:talked_to_villager":4,"minecraft:fly_one_cm":209112,"minecraft:player_kills":2,"minecraft:open_chest":2,"minecraft:crouch_one_cm":5287,"minecraft:play_time":42981,"minecraft:deaths":12,"minecraft:sneak_time":1811,"minecraft:walk_under_water_one_cm":81,"minecraft:jump":1081,"minecraft:walk_on_water_one_cm":938,"minecraft:total_world_time":42981,"minecraft:fall_one_cm":47716},"minecraft:dropped":{"minecraft:enchanted_book":4,"minecraft:iron_ingot":1,"minecraft:note_block":1,"minecraft:piston":4,"minecraft:player_head":1,"minecraft:baked_potato":2,"minecraft:diamond":1,"minecraft:sandstone_stairs":7,"minecraft:poisonous_potato":5,"minecraft:cookie":2,"minecraft:cobblestone":1,"minecraft:book":16,"minecraft:iron_hoe":2,"minecraft:apple":3,"minecraft:red_wool":1,"minecraft:white_terracotta":8,"minecraft:tropical_fish":4,"minecraft:salmon":2,"minecraft:carrot":1,"minecraft:pufferfish":8,"minecraft:emerald":6,"minecraft:filled_map":1,"minecraft:poppy":1,"minecraft:redstone_lamp":4,"minecraft:potato":33,"minecraft:dragon_egg":1,"minecraft:leather_leggings":1,"minecraft:pumpkin_pie":1,"minecraft:gold_nugget":2,"minecraft:pumpkin":13,"minecraft:stone_pickaxe":2,"minecraft:iron_pickaxe":1,"minecraft:light_blue_terracotta":2,"lucky:lucky_sword":1},"minecraft:used":{"minecraft:leather_leggings":1,"minecraft:sandstone_stairs":2,"minecraft:stone_pickaxe":19,"minecraft:baked_potato":8,"minecraft:blue_wool":1,"lucky:lucky_sword":36,"minecraft:player_head":1,"minecraft:dragon_egg":1,"minecraft:mutton":1,"minecraft:light_blue_wool":1,"minecraft:cod":3,"minecraft:redstone_torch":8,"minecraft:bookshelf":5,"minecraft:quartz_block":7,"minecraft:iron_pickaxe":5,"minecraft:slime_block":1,"minecraft:map":1,"minecraft:fishing_rod":13,"minecraft:potato":46,"lucky:lucky_potion":10},"minecraft:mined":{"minecraft:quartz_block":2,"minecraft:player_wall_head":1,"minecraft:glass":2,"minecraft:slime_block":48,"minecraft:blue_wool":1,"minecraft:sandstone":3,"minecraft:sandstone_stairs":7,"minecraft:yellow_wool":1,"minecraft:fire":2,"minecraft:iron_bars":1,"lucky:lucky_block":25,"minecraft:iron_block":2,"minecraft:magenta_wool":1,"minecraft:oak_leaves":2,"minecraft:emerald_block":1},"minecraft:broken":{"minecraft:leather_boots":1,"minecraft:fishing_rod":1},"minecraft:picked_up":{"minecraft:fishing_rod":1,"minecraft:enchanting_table":1,"minecraft:leather_chestplate":1,"minecraft:leather_leggings":2,"minecraft:golden_carrot":3,"minecraft:anvil":1,"minecraft:redstone_lamp":4,"minecraft:salmon":13,"minecraft:potato":69,"minecraft:cooked_rabbit":3,"minecraft:enchanted_book":10,"lucky:lucky_potion":10,"minecraft:cooked_salmon":6,"minecraft:leather_boots":1,"minecraft:cooked_mutton":4,"minecraft:pufferfish":8,"minecraft:apple":3,"minecraft:gold_nugget":1,"lucky:lucky_sword":2,"minecraft:ender_eye":5,"minecraft:iron_ingot":1,"minecraft:stone_pickaxe":2,"minecraft:redstone_torch":8,"minecraft:player_head":2,"minecraft:iron_pickaxe":2,"minecraft:poppy":1,"minecraft:quartz_stairs":9,"minecraft:piston":4,"minecraft:spruce_trapdoor":7,"minecraft:blue_wool":1,"minecraft:book":32,"minecraft:cooked_porkchop":9,"minecraft:pumpkin":13,"minecraft:red_wool":1,"minecraft:poisonous_potato":5,"minecraft:note_block":1,"minecraft:porkchop":10,"minecraft:cookie":4,"minecraft:carrot":1,"minecraft:dragon_egg":2,"minecraft:leather_helmet":1,"minecraft:tnt":6,"minecraft:iron_hoe":2,"minecraft:quartz_block":7,"minecraft:diamond":31,"minecraft:light_blue_terracotta":2,"minecraft:light_blue_wool":1,"minecraft:tropical_fish":4,"minecraft:slime_block":31,"minecraft:pumpkin_pie":1,"minecraft:golden_horse_armor":1,"minecraft:sandstone_stairs":9,"minecraft:jack_o_lantern":12,"minecraft:golden_apple":2,"minecraft:bookshelf":14,"minecraft:emerald":6,"minecraft:gold_ingot":3,"minecraft:bread":1,"minecraft:white_terracotta":8,"minecraft:baked_potato":20,"minecraft:mutton":1,"minecraft:cod":3,"minecraft:skeleton_skull":1,"minecraft:cobblestone":1,"minecraft:ender_pearl":10},"minecraft:killed_by":{"minecraft:player":1,"minecraft:creeper":1,"minecraft:magma_cube":1}},"DataVersion":3465}