{"stats":{"minecraft:custom":{"minecraft:time_since_rest":6073,"minecraft:sprint_one_cm":60642,"minecraft:damage_taken":1906,"minecraft:walk_one_cm":97367,"minecraft:drop":40,"minecraft:damage_dealt":76,"minecraft:talked_to_villager":1,"minecraft:fly_one_cm":76792,"minecraft:crouch_one_cm":910,"minecraft:play_time":18981,"minecraft:deaths":6,"minecraft:sneak_time":310,"minecraft:jump":491,"minecraft:time_since_death":6001,"minecraft:climb_one_cm":570,"minecraft:total_world_time":18981,"minecraft:fall_one_cm":19790},"minecraft:dropped":{"minecraft:iron_ingot":1,"minecraft:diamond":1,"minecraft:poisonous_potato":5,"minecraft:book":16,"minecraft:gold_nugget":1,"minecraft:tropical_fish":4,"minecraft:salmon":2,"minecraft:emerald":2,"minecraft:pufferfish":8},"minecraft:used":{"minecraft:bookshelf":5,"minecraft:stone_pickaxe":3,"minecraft:slime_block":1,"minecraft:baked_potato":5,"minecraft:blue_wool":1,"minecraft:player_head":1,"minecraft:fishing_rod":13,"minecraft:light_blue_wool":1,"minecraft:cod":3,"minecraft:potato":6},"minecraft:mined":{"minecraft:player_wall_head":1,"minecraft:iron_bars":1,"minecraft:slime_block":31,"lucky:lucky_block":9,"minecraft:blue_wool":1,"minecraft:oak_leaves":2},"minecraft:broken":{"minecraft:fishing_rod":1},"minecraft:picked_up":{"minecraft:book":16,"minecraft:fishing_rod":1,"minecraft:leather_chestplate":1,"minecraft:salmon":2,"minecraft:poisonous_potato":5,"minecraft:potato":55,"minecraft:quartz_block":6,"minecraft:leather_boots":1,"minecraft:pufferfish":8,"minecraft:light_blue_wool":1,"minecraft:diamond":1,"minecraft:tropical_fish":4,"minecraft:slime_block":22,"minecraft:white_terracotta":8,"minecraft:gold_ingot":3,"minecraft:iron_ingot":1,"minecraft:emerald":4,"minecraft:stone_pickaxe":1,"minecraft:player_head":2,"minecraft:bookshelf":5,"minecraft:baked_potato":19,"minecraft:mutton":1,"minecraft:spruce_trapdoor":2,"minecraft:cod":3,"minecraft:skeleton_skull":1,"minecraft:blue_wool":1},"minecraft:killed_by":{"minecraft:magma_cube":1}},"DataVersion":3465}