{"stat.chestOpened":3,"stat.flyOneCm":17312,"stat.walkOneCm":26652,"stat.pickup.props.props":1,"stat.pickup.minecraft.wheat_seeds":1,"stat.drop":1,"stat.jump":100,"stat.swimOneCm":669,"stat.playOneMinute":23268,"stat.fallOneCm":1300,"stat.climbOneCm":927,"stat.drop.minecraft.wheat_seeds":1,"stat.leaveGame":3,"stat.sneakTime":22,"stat.damageTaken":70,"stat.damageDealt":30,"stat.crouchOneCm":123,"stat.timeSinceDeath":23268,"stat.pickup.minecraft.dirt":1,"stat.sprintOneCm":17523,"stat.useItem.minecraft.stone_slab2":2,"stat.mineBlock.minecraft.tallgrass":2}