{"stats":{"minecraft:killed":{"minecraft:slime":12,"minecraft:llama":1,"minecraft:magma_cube":9,"minecraft:rabbit":1,"minecraft:sheep":1},"minecraft:crafted":{"minecraft:splash_potion":1,"minecraft:potion":1},"minecraft:custom":{"minecraft:mob_kills":24,"minecraft:eat_cake_slice":3,"minecraft:time_since_death":4089,"minecraft:climb_one_cm":570,"minecraft:sprint_one_cm":171171,"minecraft:walk_one_cm":257532,"minecraft:drop":147,"minecraft:talked_to_villager":4,"minecraft:play_time":54981,"minecraft:deaths":17,"minecraft:sneak_time":1821,"minecraft:walk_under_water_one_cm":81,"minecraft:jump":1386,"minecraft:walk_on_water_one_cm":938,"minecraft:total_world_time":54981,"minecraft:traded_with_villager":2,"minecraft:time_since_rest":4133,"minecraft:open_enderchest":1,"minecraft:damage_taken":6640,"minecraft:damage_dealt":1615,"minecraft:interact_with_beacon":1,"minecraft:fly_one_cm":279610,"minecraft:player_kills":2,"minecraft:open_chest":3,"minecraft:crouch_one_cm":5291,"minecraft:fall_one_cm":65078},"minecraft:dropped":{"minecraft:enchanted_book":9,"minecraft:iron_ingot":1,"minecraft:bread":1,"minecraft:piston":4,"minecraft:baked_potato":2,"minecraft:diamond":1,"minecraft:golden_horse_armor":1,"minecraft:bookshelf":9,"minecraft:sandstone_stairs":7,"minecraft:poisonous_potato":7,"minecraft:cookie":2,"minecraft:cobblestone":1,"minecraft:book":16,"minecraft:apple":3,"minecraft:red_wool":1,"minecraft:tropical_fish":4,"minecraft:leather_helmet":1,"minecraft:emerald":6,"minecraft:pufferfish":8,"minecraft:diamond_horse_armor":1,"minecraft:redstone_lamp":4,"minecraft:jack_o_lantern":12,"minecraft:gold_nugget":2,"minecraft:pumpkin_pie":1,"minecraft:pumpkin":13,"minecraft:iron_pickaxe":1,"minecraft:note_block":1,"minecraft:player_head":1,"minecraft:iron_hoe":2,"minecraft:white_terracotta":8,"minecraft:salmon":2,"minecraft:carrot":1,"minecraft:filled_map":1,"minecraft:poppy":1,"minecraft:potato":46,"minecraft:spruce_trapdoor":11,"minecraft:skeleton_skull":1,"minecraft:dragon_egg":1,"minecraft:quartz_stairs":4,"minecraft:leather_leggings":2,"minecraft:stone_pickaxe":2,"minecraft:light_blue_terracotta":11,"lucky:lucky_sword":1},"minecraft:used":{"minecraft:quartz_stairs":5,"minecraft:player_head":1,"minecraft:dragon_egg":1,"minecraft:mutton":1,"minecraft:bookshelf":5,"minecraft:slime_block":2,"minecraft:quartz_block":7,"minecraft:potato":46,"lucky:lucky_potion":10,"minecraft:leather_leggings":1,"minecraft:sandstone_stairs":2,"minecraft:stone_pickaxe":19,"minecraft:baked_potato":14,"minecraft:blue_wool":1,"minecraft:ender_pearl":10,"lucky:lucky_sword":51,"minecraft:light_blue_wool":1,"minecraft:cod":3,"minecraft:redstone_torch":8,"minecraft:map":1,"minecraft:iron_pickaxe":5,"minecraft:diamond_sword":13,"minecraft:fishing_rod":13},"minecraft:mined":{"minecraft:blue_wool":1,"minecraft:sandstone":3,"minecraft:sandstone_stairs":7,"minecraft:fire":2,"minecraft:iron_bars":1,"lucky:lucky_block":32,"minecraft:iron_block":2,"minecraft:quartz_block":2,"minecraft:player_wall_head":1,"minecraft:glass":2,"minecraft:slime_block":48,"minecraft:yellow_wool":1,"minecraft:oak_leaves":2,"minecraft:magenta_wool":1,"minecraft:emerald_block":1},"minecraft:broken":{"minecraft:leather_chestplate":1,"minecraft:leather_boots":1,"minecraft:fishing_rod":1},"minecraft:picked_up":{"minecraft:fishing_rod":1,"minecraft:anvil":1,"minecraft:prismarine_shard":6,"minecraft:redstone_lamp":4,"minecraft:leather_leggings":3,"minecraft:diamond_sword":1,"minecraft:cooked_rabbit":3,"minecraft:enchanted_book":10,"minecraft:potion":1,"minecraft:diamond_horse_armor":1,"minecraft:cooked_salmon":6,"lucky:lucky_potion":10,"minecraft:pufferfish":8,"minecraft:gold_nugget":1,"lucky:lucky_sword":2,"minecraft:redstone_torch":8,"minecraft:player_head":2,"minecraft:ender_eye":8,"minecraft:poppy":1,"minecraft:iron_pickaxe":2,"minecraft:quartz_stairs":9,"minecraft:spruce_trapdoor":15,"minecraft:piston":4,"minecraft:blue_wool":1,"minecraft:golden_helmet":1,"minecraft:note_block":1,"minecraft:porkchop":10,"minecraft:cookie":4,"minecraft:carrot":1,"minecraft:golden_chestplate":1,"minecraft:tnt":6,"minecraft:quartz_block":28,"minecraft:rotten_flesh":1,"minecraft:light_blue_wool":1,"minecraft:tropical_fish":4,"minecraft:pumpkin_pie":1,"minecraft:sandstone_stairs":9,"minecraft:gold_ingot":3,"minecraft:bookshelf":14,"minecraft:white_terracotta":8,"minecraft:mutton":1,"minecraft:cod":3,"minecraft:skeleton_skull":1,"minecraft:cobblestone":1,"minecraft:enchanting_table":1,"minecraft:leather_chestplate":1,"minecraft:magma_cream":3,"minecraft:golden_carrot":3,"minecraft:salmon":13,"minecraft:golden_leggings":1,"minecraft:potato":92,"minecraft:golden_boots":1,"lucky:lucky_bow":1,"minecraft:cooked_mutton":4,"minecraft:leather_boots":1,"minecraft:apple":3,"minecraft:iron_ingot":1,"minecraft:stone_pickaxe":2,"minecraft:book":32,"minecraft:cooked_porkchop":9,"minecraft:pumpkin":13,"minecraft:red_wool":1,"minecraft:poisonous_potato":9,"minecraft:dragon_egg":2,"minecraft:leather_helmet":2,"minecraft:iron_hoe":2,"minecraft:light_blue_terracotta":20,"minecraft:diamond":31,"minecraft:slime_block":31,"minecraft:golden_apple":2,"minecraft:bread":1,"minecraft:golden_horse_armor":2,"minecraft:emerald":6,"minecraft:baked_potato":28,"minecraft:jack_o_lantern":12,"minecraft:ender_pearl":10},"minecraft:killed_by":{"minecraft:player":2,"minecraft:creeper":2,"minecraft:magma_cube":1,"minecraft:skeleton":1,"minecraft:guardian":1}},"DataVersion":3465}