{"stat.chestOpened":3,"stat.dropperInspected":1,"stat.walkOneCm":43096,"stat.drop.minecraft.wheat":2,"stat.leaveGame":3,"stat.damageTaken":320,"stat.talkedToVillager":1,"stat.flyOneCm":38504,"stat.deaths":1,"stat.pickup.props.props":2,"stat.pickup.minecraft.wheat_seeds":5,"stat.drop":4,"stat.jump":266,"stat.swimOneCm":669,"stat.pickup.minecraft.egg":1,"stat.playOneMinute":35868,"stat.fallOneCm":7403,"stat.climbOneCm":3693,"stat.drop.minecraft.wheat_seeds":1,"stat.sneakTime":22,"stat.damageDealt":30,"stat.crouchOneCm":123,"stat.timeSinceDeath":6259,"stat.pickup.minecraft.dirt":1,"stat.drop.minecraft.egg":1,"stat.sprintOneCm":32419,"stat.useItem.minecraft.stone_slab2":3,"stat.mineBlock.minecraft.tallgrass":2,"stat.pickup.minecraft.wheat":2}