{"stats":{"minecraft:custom":{"minecraft:time_since_rest":3761,"minecraft:crouch_one_cm":234,"minecraft:play_time":6981,"minecraft:sprint_one_cm":24122,"minecraft:walk_one_cm":33263,"minecraft:damage_taken":1295,"minecraft:deaths":5,"minecraft:sneak_time":82,"minecraft:drop":17,"minecraft:jump":160,"minecraft:damage_dealt":48,"minecraft:time_since_death":3734,"minecraft:total_world_time":6981,"minecraft:climb_one_cm":570,"minecraft:fall_one_cm":5561,"minecraft:fly_one_cm":33708},"minecraft:dropped":{"minecraft:book":4,"minecraft:tropical_fish":4,"minecraft:salmon":2,"minecraft:pufferfish":7},"minecraft:used":{"minecraft:fishing_rod":13,"minecraft:cod":3},"minecraft:mined":{"minecraft:player_wall_head":1,"lucky:lucky_block":3},"minecraft:broken":{"minecraft:fishing_rod":1},"minecraft:picked_up":{"minecraft:book":4,"minecraft:fishing_rod":1,"minecraft:pufferfish":8,"minecraft:salmon":2,"minecraft:tropical_fish":4,"minecraft:player_head":1,"minecraft:cod":3}},"DataVersion":3465}