{"stat.chestOpened":3,"stat.dropperInspected":1,"stat.walkOneCm":44797,"stat.drop.minecraft.wheat":2,"stat.useItem.minecraft.egg":1,"stat.leaveGame":3,"stat.damageTaken":320,"stat.mineBlock.minecraft.double_plant":1,"stat.talkedToVillager":1,"stat.flyOneCm":43459,"stat.deaths":1,"stat.pickup.props.props":2,"stat.pickup.minecraft.wheat_seeds":6,"stat.drop":4,"stat.jump":291,"stat.swimOneCm":669,"stat.pickup.minecraft.egg":2,"stat.playOneMinute":48468,"stat.fallOneCm":7612,"stat.climbOneCm":3693,"stat.drop.minecraft.wheat_seeds":1,"stat.sneakTime":22,"stat.damageDealt":30,"stat.crouchOneCm":123,"stat.timeSinceDeath":18859,"stat.pickup.minecraft.dirt":1,"stat.drop.minecraft.egg":1,"stat.sprintOneCm":34795,"stat.useItem.minecraft.stone_slab2":3,"stat.mineBlock.minecraft.tallgrass":6,"stat.pickup.minecraft.wheat":2}