{"stat.beaconInteraction":3,"stat.useItem.minecraft.bow":12,"stat.pickup.minecraft.redstone_torch":4,"stat.horseOneCm":161707,"stat.useItem.minecraft.repeater":1,"stat.leaveGame":8,"stat.useItem.minecraft.bookshelf":34,"stat.drop.minecraft.redstone":108,"stat.swimOneCm":39470,"stat.climbOneCm":62827,"stat.pickup.minecraft.porkchop":4,"stat.useItem.minecraft.obsidian":12,"stat.useItem.minecraft.stone_slab2":4161,"stat.pickup.minecraft.bow":6,"stat.useItem.minecraft.water_bucket":851,"stat.useItem.minecraft.egg":1,"stat.pickup.minecraft.enchanting_table":1,"stat.useItem.minecraft.vine":37,"stat.useItem.minecraft.iron_ore":6,"stat.flyOneCm":3997767,"stat.useItem.securitycraft.bucket_f_lava":130,"stat.killEntity.Villager":1,"stat.pickup.minecraft.redstone":33,"stat.timeSinceDeath":837749,"stat.hopperInspected":7,"stat.useItem.minecraft.sign":1,"stat.useItem.minecraft.spawn_egg":28,"stat.pickup.minecraft.mutton":2,"stat.pickup.minecraft.double_plant":23,"stat.trappedChestTriggered":2,"stat.useItem.minecraft.lever":3,"stat.furnaceInteraction":1,"stat.pickup.minecraft.carpet":6,"stat.pickup.minecraft.wooden_button":2,"stat.pickup.minecraft.shield":10,"stat.talkedToVillager":1,"stat.pickup.minecraft.beef":6,"stat.useItem.minecraft.redstone":93,"stat.pickup.minecraft.birch_stairs":1,"stat.sprintOneCm":527100,"stat.useItem.minecraft.diamond_shovel":182,"stat.useItem.minecraft.diamond_block":40,"stat.useItem.minecraft.hay_block":2,"stat.useItem.minecraft.stone_stairs":2,"stat.pickup.minecraft.acacia_door":6,"stat.useItem.minecraft.stone_slab":7,"stat.killEntity.Horse":1,"stat.pickup.minecraft.stone_stairs":1,"stat.pickup.minecraft.golden_horse_armor":1,"stat.pickup.minecraft.saddle":2,"stat.useItem.minecraft.dye":85,"stat.pickup.minecraft.lever":3,"stat.drop":45,"stat.pickup.minecraft.egg":24,"stat.playOneMinute":837749,"stat.killEntity.Sheep":1,"stat.useItem.minecraft.ladder":19,"stat.useItem.minecraft.diamond_ore":42,"stat.pickup.minecraft.item_frame":23,"stat.diveOneCm":42632,"stat.pickup.minecraft.wheat":178,"stat.chestOpened":25,"stat.useItem.minecraft.lapis_ore":9,"stat.useItem.minecraft.splash_potion":35,"stat.pickup.minecraft.spruce_door":40,"stat.pickup.minecraft.sign":31,"stat.pickup.minecraft.gravel":2,"stat.pickup.minecraft.iron_sword":10,"stat.useItem.minecraft.carpet":8,"stat.jump":3076,"stat.killEntity.SkeletonHorse":1,"stat.crouchOneCm":59966,"stat.useItem.minecraft.coal_ore":11,"stat.useItem.minecraft.emerald_ore":11,"stat.craftingTableInteraction":1,"stat.pickup.minecraft.iron_ore":1,"stat.dropperInspected":13,"stat.pickup.minecraft.repeater":1,"stat.pickup.minecraft.feather":15,"stat.pickup.minecraft.leather":9,"stat.damageTaken":430,"stat.useItem.minecraft.reeds":4,"stat.dispenserInspected":3,"stat.pickup.minecraft.dye":4,"stat.pickup.minecraft.bed":29,"stat.pickup.minecraft.wheat_seeds":339,"stat.useItem.minecraft.enchanting_table":2,"stat.damageDealt":736,"stat.useItem.minecraft.wool":4,"stat.useItem.minecraft.snow_layer":65,"stat.killEntity.Cow":4,"stat.useItem.minecraft.crafting_table":12,"stat.walkOneCm":1247649,"stat.useItem.minecraft.torch":11,"stat.animalsBred":2,"stat.useItem.minecraft.chest":10,"stat.useItem.minecraft.pumpkin":15,"stat.useItem.minecraft.log":20,"stat.useItem.minecraft.gold_ore":22,"stat.useItem.minecraft.lava_bucket":112,"stat.minecartOneCm":30534,"stat.useItem.secretroomsmod.ghost_block":52,"stat.pickup.minecraft.chicken":14,"stat.pickup.minecraft.sapling":23,"stat.useItem.minecraft.tallgrass":3,"stat.useItem.minecraft.redstone_ore":56,"stat.pickup.minecraft.apple":6,"stat.pickup.minecraft.ladder":1,"stat.pickup.minecraft.banner":76,"stat.mobKills":8,"stat.useItem.securitycraft.reinforced_carpet":15,"stat.pickup.minecraft.iron_door":7,"stat.pickup.minecraft.iron_horse_armor":1,"stat.pickup.minecraft.torch":71,"stat.pickup.minecraft.red_flower":32,"stat.sneakTime":29269,"stat.pickup.minecraft.wool":8,"stat.pickup.minecraft.yellow_flower":31}