{"stats":{"minecraft:killed":{"minecraft:strider":1,"minecraft:bee":2},"minecraft:picked_up":{"minecraft:ladder":1,"minecraft:salmon":1,"minecraft:golden_sword":7,"minecraft:lapis_lazuli":12,"minecraft:music_disc_cat":1,"minecraft:string":4,"minecraft:white_banner":2,"minecraft:name_tag":1,"minecraft:pufferfish":1,"minecraft:wheat_seeds":2,"minecraft:rabbit_hide":5,"minecraft:rabbit":4,"minecraft:stone_button":18,"minecraft:redstone":1,"minecraft:quartz_block":1,"minecraft:firework_rocket":131,"minecraft:command_block":1,"minecraft:sugar":1,"minecraft:diamond":3,"minecraft:tropical_fish":1,"minecraft:spruce_boat":1,"minecraft:hay_block":1,"minecraft:crossbow":1,"minecraft:birch_sign":8,"minecraft:oak_button":9,"minecraft:gold_ingot":2,"minecraft:emerald":10},"minecraft:used":{"minecraft:oak_trapdoor":3,"minecraft:quartz_bricks":358,"minecraft:water_bucket":251,"minecraft:mossy_stone_bricks":2,"minecraft:iron_bars":1,"minecraft:enchanting_table":2,"minecraft:smooth_quartz_slab":38,"minecraft:spruce_slab":3,"minecraft:redstone":3,"minecraft:polished_andesite":8,"minecraft:oak_planks":3,"minecraft:lime_wool":5,"minecraft:ladder":7,"minecraft:oak_sign":5,"minecraft:light_blue_terracotta":208,"minecraft:chest":14,"minecraft:white_terracotta":39,"minecraft:stone":235,"minecraft:blue_concrete_powder":1,"minecraft:spruce_sign":2,"minecraft:quartz_stairs":95,"minecraft:player_head":18,"minecraft:smooth_quartz_stairs":250,"minecraft:oak_leaves":257,"minecraft:orange_stained_glass":1,"minecraft:torch":31,"minecraft:lime_terracotta":103,"minecraft:sand":185,"minecraft:anvil":3,"minecraft:yellow_terracotta":52,"minecraft:infested_chiseled_stone_bricks":2,"minecraft:crafting_table":3,"minecraft:spruce_stairs":63,"minecraft:birch_sign":66,"minecraft:campfire":11,"minecraft:chiseled_quartz_block":35,"minecraft:infested_stone_bricks":20,"minecraft:obsidian":15,"minecraft:oak_log":13,"minecraft:black_terracotta":121,"minecraft:sea_lantern":29,"minecraft:black_concrete":14,"minecraft:lava_bucket":10,"minecraft:quartz_pillar":75,"minecraft:red_wool":4,"lucky:lucky_block":37,"minecraft:command_block":115,"minecraft:quartz_slab":283,"minecraft:yellow_stained_glass":1,"minecraft:lantern":1,"minecraft:grass_block":384,"minecraft:spruce_button":8,"minecraft:oak_button":3,"minecraft:barrier":65,"minecraft:stone_button":31,"minecraft:quartz_block":2542,"minecraft:red_terracotta":63,"minecraft:spruce_trapdoor":133,"minecraft:smooth_quartz":50,"minecraft:gravel":9,"minecraft:stone_bricks":291,"minecraft:blue_banner":8,"minecraft:bedrock":1029,"minecraft:glowstone":3,"minecraft:diamond_sword":6,"minecraft:magenta_terracotta":90,"minecraft:oak_sapling":1,"minecraft:white_banner":5,"minecraft:furnace":2,"minecraft:grindstone":1,"minecraft:podzol":5,"minecraft:white_stained_glass":118,"minecraft:chain_command_block":82,"minecraft:gold_block":106,"minecraft:stone_pressure_plate":6,"minecraft:orange_terracotta":187,"minecraft:bone_meal":69},"minecraft:custom":{"minecraft:interact_with_anvil":1,"minecraft:mob_kills":3,"minecraft:leave_game":29,"minecraft:time_since_death":418802,"minecraft:climb_one_cm":6901,"minecraft:time_since_rest":419337,"minecraft:sprint_one_cm":274272,"minecraft:damage_taken":560,"minecraft:walk_one_cm":737048,"minecraft:drop":37,"minecraft:damage_dealt":330,"minecraft:swim_one_cm":2104,"minecraft:fly_one_cm":7551975,"minecraft:open_chest":7,"minecraft:crouch_one_cm":23473,"minecraft:play_time":491345,"minecraft:deaths":2,"minecraft:sneak_time":15241,"minecraft:walk_under_water_one_cm":48640,"minecraft:jump":2448,"minecraft:walk_on_water_one_cm":42121,"minecraft:total_world_time":229,"minecraft:fall_one_cm":480},"minecraft:dropped":{"minecraft:lapis_lazuli":12,"minecraft:diamond":3,"minecraft:yellow_terracotta":1,"minecraft:barrier":1,"minecraft:command_block":9,"minecraft:quartz_bricks":2,"minecraft:bedrock":2,"minecraft:spruce_stairs":1,"minecraft:emerald":10,"minecraft:stone":1,"minecraft:orange_terracotta":1,"minecraft:wooden_axe":2,"minecraft:quartz_block":1,"minecraft:smooth_quartz":1,"minecraft:white_banner":2,"minecraft:light_blue_terracotta":1,"minecraft:sugar":1,"minecraft:chain_command_block":7,"minecraft:gold_ingot":2}},"DataVersion":3465}