{"stats":{"minecraft:custom":{"minecraft:time_since_rest":5542,"minecraft:crouch_one_cm":5376,"minecraft:deaths":5,"minecraft:sprint_one_cm":28805,"minecraft:play_time":23388,"minecraft:damage_taken":1255,"minecraft:walk_one_cm":160315,"minecraft:sneak_time":1226,"minecraft:drop":8,"minecraft:jump":360,"minecraft:damage_dealt":368,"minecraft:leave_game":1,"minecraft:time_since_death":5518,"minecraft:climb_one_cm":1177,"minecraft:total_world_time":23388,"minecraft:fall_one_cm":12494,"minecraft:fly_one_cm":37930},"minecraft:dropped":{"minecraft:book":8},"minecraft:used":{"minecraft:torch":2,"minecraft:bookshelf":1,"minecraft:red_banner":1,"minecraft:oak_planks":3,"minecraft:iron_boots":1,"minecraft:spruce_trapdoor":2,"minecraft:player_head":2},"minecraft:mined":{"minecraft:player_wall_head":1,"lucky:lucky_block":3,"minecraft:red_banner":1,"minecraft:oak_planks":3,"minecraft:player_head":2,"minecraft:spruce_trapdoor":1,"minecraft:torch":2},"minecraft:picked_up":{"minecraft:book":12,"minecraft:torch":2,"minecraft:gold_ingot":14,"minecraft:bookshelf":6,"minecraft:player_head":2,"minecraft:red_banner":1,"minecraft:iron_horse_armor":1,"minecraft:iron_boots":1,"minecraft:oak_planks":3,"minecraft:spruce_trapdoor":2}},"DataVersion":3465}