{"stats":{"minecraft:killed":{"minecraft:sheep":1,"minecraft:zombie":1,"minecraft:giant":1},"minecraft:crafted":{"minecraft:diamond_axe":1},"minecraft:custom":{"minecraft:time_since_rest":1210,"minecraft:sprint_one_cm":69431,"minecraft:damage_taken":2044,"minecraft:walk_one_cm":205807,"minecraft:mob_kills":3,"minecraft:drop":34,"minecraft:damage_dealt":2088,"minecraft:traded_with_villager":1,"minecraft:talked_to_villager":1,"minecraft:fly_one_cm":80692,"minecraft:open_chest":1,"minecraft:crouch_one_cm":6391,"minecraft:play_time":35388,"minecraft:deaths":7,"minecraft:sneak_time":1526,"minecraft:jump":668,"minecraft:leave_game":1,"minecraft:time_since_death":1173,"minecraft:total_world_time":35388,"minecraft:climb_one_cm":1177,"minecraft:fall_one_cm":23446},"minecraft:dropped":{"minecraft:potato":13,"minecraft:poisonous_potato":8,"minecraft:book":8,"minecraft:pumpkin_pie":4,"minecraft:stone_pickaxe":1},"minecraft:used":{"minecraft:stone_sword":18,"minecraft:bookshelf":13,"minecraft:brown_wool":1,"minecraft:armor_stand":1,"minecraft:slime_block":23,"minecraft:baked_potato":4,"minecraft:oak_planks":3,"minecraft:spruce_trapdoor":2,"minecraft:iron_boots":1,"minecraft:player_head":2,"minecraft:rotten_flesh":1,"minecraft:stone_axe":20,"minecraft:torch":2,"minecraft:red_banner":1,"minecraft:pumpkin_pie":1},"minecraft:mined":{"minecraft:yellow_wool":1,"minecraft:player_wall_head":1,"minecraft:fire":1,"minecraft:red_banner":1,"minecraft:torch":2,"minecraft:spruce_trapdoor":1,"minecraft:slime_block":24,"lucky:lucky_block":10,"minecraft:oak_planks":3,"minecraft:player_head":2},"minecraft:picked_up":{"minecraft:book":12,"minecraft:yellow_wool":1,"minecraft:brown_wool":1,"minecraft:torch":2,"minecraft:potion":1,"minecraft:poisonous_potato":8,"minecraft:potato":18,"minecraft:red_banner":1,"minecraft:lapis_lazuli":19,"minecraft:iron_horse_armor":1,"minecraft:armor_stand":1,"minecraft:stone_sword":1,"minecraft:rotten_flesh":1,"minecraft:stone_shovel":1,"minecraft:diamond":21,"minecraft:stone_axe":1,"minecraft:slime_block":28,"minecraft:pumpkin_pie":5,"minecraft:saddle":1,"minecraft:iron_ingot":1,"minecraft:stone_pickaxe":2,"minecraft:player_head":2,"minecraft:bookshelf":13,"minecraft:gold_ingot":34,"minecraft:emerald":27,"minecraft:baked_potato":10,"minecraft:iron_bars":1,"minecraft:mutton":2,"minecraft:stone_hoe":1,"minecraft:oak_planks":3,"minecraft:spruce_trapdoor":2,"minecraft:nether_star":1,"minecraft:iron_boots":1},"minecraft:killed_by":{"minecraft:magma_cube":1}},"DataVersion":3465}