{"stats":{"minecraft:killed":{"minecraft:witch":1,"minecraft:giant":1,"minecraft:spider":2,"minecraft:slime":1,"minecraft:horse":1,"minecraft:magma_cube":2,"minecraft:pig":4,"minecraft:sheep":7,"minecraft:zombie":1,"minecraft:villager":1},"minecraft:crafted":{"minecraft:diamond_axe":1},"minecraft:custom":{"minecraft:mob_kills":21,"minecraft:leave_game":1,"minecraft:time_since_death":10244,"minecraft:climb_one_cm":1177,"minecraft:sprint_one_cm":165092,"minecraft:walk_one_cm":311317,"minecraft:drop":86,"minecraft:play_noteblock":2,"minecraft:talked_to_villager":4,"minecraft:play_time":71388,"minecraft:sneak_time":2739,"minecraft:deaths":13,"minecraft:walk_under_water_one_cm":135,"minecraft:jump":1511,"minecraft:walk_on_water_one_cm":541,"minecraft:total_world_time":71388,"minecraft:traded_with_villager":1,"minecraft:tune_noteblock":22,"minecraft:time_since_rest":10269,"minecraft:damage_taken":5356,"minecraft:damage_dealt":5381,"minecraft:interact_with_beacon":1,"minecraft:fly_one_cm":246243,"minecraft:open_chest":4,"minecraft:crouch_one_cm":9818,"minecraft:fall_one_cm":59038,"minecraft:horse_one_cm":9358},"minecraft:dropped":{"minecraft:stone_hoe":1,"minecraft:porkchop":3,"minecraft:lapis_lazuli":19,"minecraft:baked_potato":1,"minecraft:golden_pickaxe":2,"minecraft:diamond":10,"minecraft:poisonous_potato":8,"minecraft:prismarine_shard":48,"minecraft:golden_axe":2,"minecraft:book":8,"minecraft:iron_horse_armor":1,"minecraft:diamond_horse_armor":1,"minecraft:dispenser":2,"minecraft:mutton":7,"minecraft:wooden_sword":1,"minecraft:gold_nugget":3,"minecraft:pumpkin_pie":4,"minecraft:bone_meal":18,"minecraft:golden_hoe":2,"minecraft:sugar":1,"minecraft:glistering_melon_slice":2,"minecraft:string":2,"minecraft:stone_axe":1,"minecraft:nether_wart":2,"minecraft:stone_sword":1,"minecraft:stone_shovel":1,"minecraft:rotten_flesh":1,"minecraft:golden_shovel":2,"minecraft:rabbit_hide":1,"minecraft:leather_chestplate":2,"minecraft:potato":13,"minecraft:quartz_stairs":1,"minecraft:leather_boots":3,"minecraft:golden_sword":2,"minecraft:leather_leggings":1,"minecraft:spider_eye":7,"minecraft:stone_pickaxe":2},"minecraft:used":{"minecraft:stone_sword":18,"minecraft:armor_stand":1,"minecraft:light_blue_terracotta":2,"minecraft:white_terracotta":11,"minecraft:quartz_stairs":2,"minecraft:player_head":2,"minecraft:rotten_flesh":2,"minecraft:torch":2,"minecraft:bookshelf":13,"lucky:lucky_block":3,"minecraft:slime_block":23,"minecraft:quartz_block":1,"minecraft:iron_boots":1,"minecraft:magenta_wool":1,"minecraft:leather_leggings":1,"minecraft:prismarine":9,"minecraft:stone_pickaxe":76,"minecraft:baked_potato":20,"minecraft:oak_planks":3,"minecraft:leather_chestplate":1,"minecraft:diamond_axe":54,"minecraft:oak_leaves":5,"minecraft:yellow_terracotta":2,"minecraft:painting":20,"minecraft:brown_wool":1,"minecraft:leather_helmet":1,"minecraft:spruce_trapdoor":2,"minecraft:yellow_wool":1,"minecraft:stone_axe":20,"minecraft:cooked_porkchop":1,"minecraft:red_banner":1,"minecraft:pumpkin_pie":1},"minecraft:mined":{"minecraft:yellow_terracotta":1,"minecraft:quartz_stairs":1,"minecraft:spruce_trapdoor":1,"minecraft:sandstone":18,"minecraft:sandstone_stairs":4,"minecraft:fire":2,"lucky:lucky_block":35,"minecraft:player_head":3,"minecraft:quartz_block":6,"minecraft:player_wall_head":1,"minecraft:red_banner":1,"minecraft:torch":2,"minecraft:glass":1,"minecraft:slime_block":63,"minecraft:oak_planks":3,"minecraft:white_terracotta":4,"minecraft:yellow_wool":1,"minecraft:lime_terracotta":2,"minecraft:oak_leaves":11},"minecraft:picked_up":{"minecraft:music_disc_strad":1,"minecraft:leather_leggings":2,"minecraft:nether_wart":2,"minecraft:yellow_wool":1,"minecraft:prismarine_shard":48,"minecraft:golden_pickaxe":2,"minecraft:potion":1,"minecraft:golden_shovel":2,"minecraft:diamond_horse_armor":1,"minecraft:golden_sword":3,"minecraft:string":2,"lucky:lucky_potion":4,"minecraft:wooden_sword":1,"minecraft:sticky_piston":4,"minecraft:armor_stand":1,"minecraft:pufferfish":7,"minecraft:magenta_wool":1,"minecraft:diamond_leggings":1,"minecraft:gold_nugget":1,"minecraft:cyan_wool":1,"minecraft:player_head":2,"minecraft:poppy":1,"minecraft:quartz_stairs":3,"minecraft:spruce_trapdoor":2,"minecraft:iron_boots":1,"minecraft:torch":2,"minecraft:porkchop":6,"minecraft:golden_axe":2,"minecraft:iron_horse_armor":2,"minecraft:rotten_flesh":3,"minecraft:quartz_block":9,"minecraft:stone_sword":1,"minecraft:stone_shovel":1,"minecraft:pumpkin_pie":16,"minecraft:golden_hoe":2,"minecraft:gold_ingot":34,"minecraft:yellow_terracotta":2,"minecraft:saddle":1,"minecraft:bookshelf":26,"minecraft:glistering_melon_slice":2,"minecraft:white_terracotta":20,"minecraft:mutton":14,"minecraft:iron_bars":1,"minecraft:leather_chestplate":3,"minecraft:brown_wool":1,"minecraft:potato":79,"lucky:lucky_block":3,"minecraft:lapis_lazuli":19,"minecraft:leather_boots":3,"minecraft:bone":20,"minecraft:rabbit_hide":1,"minecraft:iron_ingot":16,"minecraft:stone_pickaxe":3,"minecraft:prismarine":9,"minecraft:stone_hoe":1,"minecraft:oak_planks":3,"minecraft:book":14,"minecraft:emerald_block":1,"minecraft:cooked_porkchop":2,"minecraft:lime_terracotta":7,"minecraft:poisonous_potato":9,"minecraft:red_banner":1,"minecraft:spider_eye":7,"minecraft:sea_lantern":7,"minecraft:leather_helmet":1,"minecraft:dispenser":2,"minecraft:sugar":1,"minecraft:slime_ball":17,"minecraft:light_blue_terracotta":18,"minecraft:diamond":31,"minecraft:stone_axe":1,"minecraft:slime_block":91,"minecraft:painting":20,"minecraft:bone_meal":31,"minecraft:emerald":29,"minecraft:baked_potato":29,"minecraft:oak_leaves":5,"minecraft:nether_star":1},"minecraft:broken":{"minecraft:leather_helmet":1},"minecraft:killed_by":{"minecraft:player":1,"minecraft:magma_cube":1,"minecraft:slime":1}},"DataVersion":3465}