{"stats":{"minecraft:killed":{"minecraft:pig":4,"minecraft:giant":1,"minecraft:spider":2,"minecraft:slime":1,"minecraft:horse":1,"minecraft:sheep":6,"minecraft:zombie":1,"minecraft:villager":1},"minecraft:crafted":{"minecraft:diamond_axe":1},"minecraft:custom":{"minecraft:mob_kills":17,"minecraft:traded_with_villager":1,"minecraft:leave_game":1,"minecraft:time_since_death":1640,"minecraft:climb_one_cm":1177,"minecraft:time_since_rest":1677,"minecraft:sprint_one_cm":143831,"minecraft:walk_one_cm":282201,"minecraft:damage_taken":4607,"minecraft:drop":77,"minecraft:damage_dealt":4323,"minecraft:talked_to_villager":4,"minecraft:fly_one_cm":205985,"minecraft:open_chest":2,"minecraft:crouch_one_cm":9818,"minecraft:play_time":59388,"minecraft:deaths":12,"minecraft:sneak_time":2670,"minecraft:walk_under_water_one_cm":135,"minecraft:jump":1241,"minecraft:walk_on_water_one_cm":541,"minecraft:total_world_time":59388,"minecraft:fall_one_cm":51247,"minecraft:horse_one_cm":9358},"minecraft:dropped":{"minecraft:stone_hoe":1,"minecraft:baked_potato":1,"minecraft:stone_axe":1,"minecraft:lapis_lazuli":19,"minecraft:nether_wart":2,"minecraft:stone_sword":1,"minecraft:golden_pickaxe":2,"minecraft:diamond":10,"minecraft:prismarine_shard":48,"minecraft:stone_shovel":1,"minecraft:poisonous_potato":8,"minecraft:golden_axe":2,"minecraft:rotten_flesh":1,"minecraft:book":8,"minecraft:golden_shovel":2,"minecraft:diamond_horse_armor":1,"minecraft:leather_chestplate":2,"minecraft:potato":13,"minecraft:dispenser":2,"minecraft:quartz_stairs":1,"minecraft:leather_boots":3,"minecraft:gold_nugget":3,"minecraft:golden_sword":1,"minecraft:bone_meal":5,"minecraft:spider_eye":7,"minecraft:pumpkin_pie":4,"minecraft:golden_hoe":2,"minecraft:stone_pickaxe":2,"minecraft:glistering_melon_slice":2,"minecraft:string":2},"minecraft:used":{"minecraft:leather_leggings":1,"minecraft:stone_sword":18,"minecraft:stone_pickaxe":72,"minecraft:armor_stand":1,"minecraft:prismarine":9,"minecraft:baked_potato":12,"minecraft:oak_planks":3,"minecraft:light_blue_terracotta":2,"minecraft:leather_chestplate":1,"minecraft:white_terracotta":2,"minecraft:quartz_stairs":1,"minecraft:diamond_axe":37,"minecraft:player_head":2,"minecraft:rotten_flesh":2,"minecraft:oak_leaves":5,"minecraft:torch":2,"minecraft:yellow_terracotta":2,"minecraft:painting":20,"minecraft:bookshelf":13,"lucky:lucky_block":1,"minecraft:slime_block":23,"minecraft:brown_wool":1,"minecraft:quartz_block":1,"minecraft:leather_helmet":1,"minecraft:spruce_trapdoor":2,"minecraft:iron_boots":1,"minecraft:yellow_wool":1,"minecraft:stone_axe":20,"minecraft:magenta_wool":1,"minecraft:cooked_porkchop":1,"minecraft:red_banner":1,"minecraft:pumpkin_pie":1},"minecraft:mined":{"minecraft:yellow_terracotta":1,"minecraft:quartz_block":6,"minecraft:player_wall_head":1,"minecraft:red_banner":1,"minecraft:spruce_trapdoor":1,"minecraft:torch":2,"minecraft:glass":1,"minecraft:slime_block":63,"minecraft:oak_planks":3,"minecraft:sandstone":18,"minecraft:sandstone_stairs":4,"minecraft:white_terracotta":2,"minecraft:yellow_wool":1,"minecraft:fire":1,"minecraft:lime_terracotta":2,"lucky:lucky_block":27,"minecraft:player_head":3,"minecraft:oak_leaves":11},"minecraft:picked_up":{"minecraft:leather_chestplate":3,"minecraft:nether_wart":2,"minecraft:prismarine_shard":48,"minecraft:golden_pickaxe":2,"minecraft:yellow_wool":1,"minecraft:leather_leggings":1,"minecraft:brown_wool":1,"minecraft:diamond_horse_armor":1,"minecraft:potato":55,"minecraft:golden_shovel":2,"minecraft:potion":1,"lucky:lucky_block":1,"minecraft:golden_sword":2,"minecraft:lapis_lazuli":19,"minecraft:string":2,"lucky:lucky_potion":4,"minecraft:leather_boots":3,"minecraft:armor_stand":1,"minecraft:bone":16,"minecraft:magenta_wool":1,"minecraft:diamond_leggings":1,"minecraft:gold_nugget":1,"minecraft:iron_ingot":16,"minecraft:stone_pickaxe":3,"minecraft:player_head":2,"minecraft:poppy":1,"minecraft:quartz_stairs":2,"minecraft:prismarine":9,"minecraft:oak_planks":3,"minecraft:stone_hoe":1,"minecraft:spruce_trapdoor":2,"minecraft:iron_boots":1,"minecraft:book":14,"minecraft:cooked_porkchop":2,"minecraft:torch":2,"minecraft:lime_terracotta":7,"minecraft:poisonous_potato":8,"minecraft:golden_axe":2,"minecraft:red_banner":1,"minecraft:sea_lantern":7,"minecraft:spider_eye":7,"minecraft:iron_horse_armor":1,"minecraft:leather_helmet":1,"minecraft:dispenser":2,"minecraft:light_blue_terracotta":2,"minecraft:quartz_block":9,"minecraft:stone_sword":1,"minecraft:stone_shovel":1,"minecraft:rotten_flesh":3,"minecraft:slime_ball":3,"minecraft:diamond":31,"minecraft:slime_block":67,"minecraft:stone_axe":1,"minecraft:pumpkin_pie":5,"minecraft:golden_hoe":2,"minecraft:bone_meal":17,"minecraft:glistering_melon_slice":2,"minecraft:painting":20,"minecraft:yellow_terracotta":2,"minecraft:bookshelf":17,"minecraft:saddle":1,"minecraft:gold_ingot":34,"minecraft:emerald":29,"minecraft:white_terracotta":9,"minecraft:baked_potato":28,"minecraft:mutton":7,"minecraft:iron_bars":1,"minecraft:oak_leaves":5,"minecraft:nether_star":1},"minecraft:broken":{"minecraft:leather_helmet":1},"minecraft:killed_by":{"minecraft:player":1,"minecraft:slime":1,"minecraft:magma_cube":1}},"DataVersion":3465}