{"stat.chestOpened":18,"stat.dropperInspected":2,"stat.walkOneCm":50763,"stat.useItem.minecraft.egg":1,"stat.leaveGame":1,"stat.pickup.minecraft.anvil":2,"stat.damageTaken":534,"stat.pickup.minecraft.leather":1,"stat.mobKills":1,"stat.flyOneCm":45249,"stat.deaths":2,"stat.pickup.minecraft.wheat_seeds":50,"stat.jump":251,"stat.pickup.minecraft.egg":2,"stat.playOneMinute":20374,"stat.fallOneCm":7810,"stat.climbOneCm":1937,"stat.pickup.minecraft.beef":3,"stat.sneakTime":203,"stat.damageDealt":258,"stat.crouchOneCm":909,"stat.pickup.minecraft.item_frame":1,"stat.timeSinceDeath":226,"stat.killEntity.Cow":1,"stat.pickup.minecraft.painting":1,"stat.sprintOneCm":42816,"stat.pickup.minecraft.minecart":3,"stat.pickup.minecraft.wheat":7}