{"stats":{"minecraft:killed":{"minecraft:witch":2,"minecraft:giant":1,"minecraft:spider":2,"minecraft:slime":1,"minecraft:horse":1,"minecraft:magma_cube":15,"minecraft:pig":4,"minecraft:bat":1,"minecraft:sheep":8,"minecraft:zombie":1,"minecraft:villager":1},"minecraft:crafted":{"minecraft:diamond_axe":1},"minecraft:custom":{"minecraft:mob_kills":37,"minecraft:leave_game":1,"minecraft:time_since_death":3129,"minecraft:climb_one_cm":1177,"minecraft:sprint_one_cm":209129,"minecraft:walk_one_cm":356814,"minecraft:drop":108,"minecraft:play_noteblock":2,"minecraft:talked_to_villager":4,"minecraft:play_time":83388,"minecraft:sneak_time":3771,"minecraft:deaths":16,"minecraft:walk_under_water_one_cm":135,"minecraft:jump":1810,"minecraft:walk_on_water_one_cm":541,"minecraft:total_world_time":83388,"minecraft:traded_with_villager":1,"minecraft:tune_noteblock":22,"minecraft:time_since_rest":3153,"minecraft:damage_taken":6363,"minecraft:damage_dealt":6161,"minecraft:interact_with_beacon":1,"minecraft:fly_one_cm":302640,"minecraft:open_chest":4,"minecraft:crouch_one_cm":16042,"minecraft:fall_one_cm":75481,"minecraft:horse_one_cm":9358},"minecraft:dropped":{"minecraft:enchanted_book":3,"minecraft:stone_hoe":1,"minecraft:porkchop":3,"minecraft:lapis_lazuli":19,"minecraft:baked_potato":1,"minecraft:golden_pickaxe":2,"minecraft:diamond":10,"minecraft:golden_horse_armor":1,"minecraft:bookshelf":1,"minecraft:poisonous_potato":8,"minecraft:prismarine_shard":48,"minecraft:golden_axe":2,"minecraft:book":8,"minecraft:iron_horse_armor":1,"minecraft:music_disc_13":2,"minecraft:diamond_horse_armor":2,"minecraft:dispenser":2,"minecraft:mutton":7,"minecraft:potion":2,"minecraft:wooden_sword":1,"minecraft:gold_nugget":6,"minecraft:pumpkin_pie":4,"minecraft:bone_meal":18,"minecraft:golden_hoe":2,"minecraft:sugar":1,"minecraft:glistering_melon_slice":2,"minecraft:chainmail_leggings":1,"minecraft:string":2,"minecraft:stone_axe":1,"minecraft:nether_wart":2,"minecraft:stone_sword":1,"minecraft:jukebox":1,"minecraft:stone_shovel":1,"minecraft:rotten_flesh":1,"minecraft:golden_shovel":2,"minecraft:rabbit_hide":1,"minecraft:leather_chestplate":2,"minecraft:potato":13,"minecraft:spruce_trapdoor":4,"minecraft:quartz_stairs":1,"minecraft:leather_boots":3,"minecraft:golden_sword":2,"minecraft:leather_leggings":1,"minecraft:spider_eye":7,"minecraft:rabbit_stew":1,"minecraft:iron_bars":2,"minecraft:stone_pickaxe":2,"minecraft:light_blue_terracotta":1,"minecraft:splash_potion":2},"minecraft:used":{"minecraft:jack_o_lantern":4,"minecraft:stone_sword":18,"minecraft:armor_stand":1,"minecraft:light_blue_terracotta":15,"minecraft:white_terracotta":20,"minecraft:quartz_stairs":2,"minecraft:player_head":2,"minecraft:rotten_flesh":2,"minecraft:torch":2,"minecraft:mutton":2,"minecraft:sea_lantern":7,"minecraft:bookshelf":25,"minecraft:red_wool":2,"lucky:lucky_block":9,"minecraft:slime_block":87,"minecraft:quartz_block":2,"minecraft:iron_boots":1,"minecraft:magenta_wool":1,"minecraft:leather_leggings":1,"minecraft:prismarine":9,"minecraft:stone_pickaxe":82,"minecraft:baked_potato":20,"minecraft:oak_planks":3,"minecraft:leather_chestplate":1,"minecraft:diamond_axe":77,"minecraft:oak_leaves":5,"minecraft:yellow_terracotta":6,"minecraft:painting":20,"minecraft:black_wool":3,"minecraft:brown_wool":1,"minecraft:leather_helmet":1,"minecraft:spruce_trapdoor":2,"minecraft:yellow_wool":1,"minecraft:stone_axe":20,"minecraft:diamond_sword":5,"minecraft:cooked_porkchop":1,"minecraft:red_banner":1,"minecraft:pumpkin_pie":4,"minecraft:end_portal_frame":1},"minecraft:mined":{"minecraft:yellow_terracotta":5,"minecraft:quartz_stairs":1,"minecraft:spruce_trapdoor":1,"minecraft:sandstone":18,"minecraft:sandstone_stairs":4,"minecraft:fire":2,"lucky:lucky_block":88,"minecraft:player_head":3,"minecraft:quartz_block":7,"minecraft:player_wall_head":1,"minecraft:red_banner":1,"minecraft:torch":2,"minecraft:glass":1,"minecraft:slime_block":65,"minecraft:oak_planks":3,"minecraft:light_blue_terracotta":1,"minecraft:white_terracotta":4,"minecraft:yellow_wool":4,"minecraft:lime_terracotta":2,"minecraft:oak_leaves":11},"minecraft:picked_up":{"minecraft:music_disc_strad":1,"minecraft:splash_potion":5,"minecraft:rabbit_stew":1,"minecraft:leather_leggings":2,"minecraft:nether_wart":2,"minecraft:yellow_wool":1,"minecraft:prismarine_shard":48,"minecraft:golden_pickaxe":2,"minecraft:diamond_sword":1,"minecraft:enchanted_book":3,"minecraft:potion":4,"minecraft:golden_shovel":2,"minecraft:diamond_horse_armor":4,"minecraft:golden_sword":3,"minecraft:string":2,"lucky:lucky_potion":6,"minecraft:wooden_sword":1,"minecraft:sticky_piston":4,"minecraft:armor_stand":1,"minecraft:pufferfish":7,"minecraft:magenta_wool":1,"minecraft:diamond_leggings":1,"minecraft:gold_nugget":2,"lucky:lucky_sword":1,"minecraft:cyan_wool":1,"minecraft:player_head":2,"minecraft:poppy":3,"minecraft:quartz_stairs":3,"minecraft:spruce_trapdoor":6,"minecraft:iron_boots":1,"minecraft:stick":6,"minecraft:jukebox":1,"minecraft:torch":2,"minecraft:porkchop":6,"minecraft:golden_axe":2,"minecraft:iron_horse_armor":3,"minecraft:tnt":16,"minecraft:rotten_flesh":3,"minecraft:quartz_block":34,"minecraft:stone_sword":1,"minecraft:stone_shovel":1,"minecraft:pumpkin_pie":16,"minecraft:golden_hoe":2,"minecraft:gold_ingot":34,"minecraft:yellow_terracotta":6,"minecraft:saddle":1,"minecraft:bookshelf":26,"minecraft:glistering_melon_slice":4,"minecraft:white_terracotta":20,"minecraft:obsidian":28,"minecraft:mutton":14,"minecraft:iron_bars":2,"minecraft:leather_chestplate":3,"minecraft:magma_cream":3,"minecraft:salmon":11,"minecraft:brown_wool":1,"minecraft:end_portal_frame":1,"minecraft:potato":132,"lucky:lucky_block":9,"minecraft:lapis_lazuli":19,"minecraft:leather_boots":3,"minecraft:bone":20,"minecraft:apple":3,"minecraft:rabbit_hide":1,"minecraft:iron_ingot":16,"minecraft:stone_pickaxe":3,"minecraft:prismarine":9,"minecraft:stone_hoe":1,"minecraft:oak_planks":3,"minecraft:book":14,"minecraft:emerald_block":1,"minecraft:cooked_porkchop":2,"minecraft:music_disc_13":2,"minecraft:red_wool":2,"minecraft:lime_terracotta":7,"minecraft:poisonous_potato":24,"minecraft:red_banner":1,"minecraft:spider_eye":7,"minecraft:sea_lantern":7,"minecraft:leather_helmet":1,"minecraft:dispenser":2,"minecraft:sugar":1,"minecraft:slime_ball":17,"minecraft:light_blue_terracotta":19,"minecraft:diamond":31,"minecraft:stone_axe":1,"minecraft:slime_block":91,"minecraft:chainmail_leggings":1,"minecraft:painting":20,"minecraft:bone_meal":31,"minecraft:golden_horse_armor":1,"minecraft:chainmail_helmet":1,"minecraft:emerald":29,"minecraft:baked_potato":51,"minecraft:jack_o_lantern":4,"minecraft:black_wool":3,"minecraft:oak_leaves":5,"minecraft:nether_star":2,"minecraft:ender_pearl":10},"minecraft:broken":{"minecraft:leather_helmet":1},"minecraft:killed_by":{"minecraft:player":1,"minecraft:magma_cube":2,"minecraft:slime":1,"minecraft:rabbit":1}},"DataVersion":3465}