{"stats":{"minecraft:custom":{"minecraft:time_since_rest":8655,"minecraft:crouch_one_cm":2506,"minecraft:deaths":1,"minecraft:sprint_one_cm":14348,"minecraft:play_time":11388,"minecraft:damage_taken":270,"minecraft:walk_one_cm":102242,"minecraft:sneak_time":641,"minecraft:jump":177,"minecraft:leave_game":1,"minecraft:time_since_death":8620,"minecraft:climb_one_cm":1177,"minecraft:total_world_time":11388,"minecraft:fall_one_cm":6482,"minecraft:fly_one_cm":15750},"minecraft:used":{"minecraft:torch":1,"minecraft:oak_planks":3,"minecraft:spruce_trapdoor":2,"minecraft:player_head":1},"minecraft:mined":{"minecraft:player_wall_head":1,"minecraft:oak_planks":3,"minecraft:spruce_trapdoor":1,"minecraft:torch":1},"minecraft:picked_up":{"minecraft:torch":1,"minecraft:player_head":1,"minecraft:oak_planks":3,"minecraft:spruce_trapdoor":2}},"DataVersion":3465}