{"stat.chestOpened":20,"stat.walkOneCm":169323,"stat.drop.minecraft.wheat":2,"stat.pickup.minecraft.redstone_torch":2,"stat.leaveGame":1,"stat.jump":690,"stat.swimOneCm":1956,"stat.fallOneCm":37964,"stat.climbOneCm":11061,"stat.pickup.minecraft.beef":3,"stat.pickup.minecraft.tnt":1,"stat.pickup.minecraft.tallgrass":1,"stat.pickup.minecraft.stone":2,"stat.crouchOneCm":2178,"stat.pickup.minecraft.painting":1,"stat.sprintOneCm":97103,"stat.dropperInspected":2,"stat.useItem.minecraft.egg":2,"stat.pickup.minecraft.grass":1,"stat.pickup.minecraft.anvil":2,"stat.damageTaken":3070,"stat.pickup.minecraft.leather":1,"stat.pickup.minecraft.bread":2,"stat.mobKills":1,"stat.flyOneCm":88675,"stat.deaths":4,"stat.pickup.minecraft.wheat_seeds":80,"stat.drop":5,"stat.pickup.minecraft.egg":3,"stat.playOneMinute":51127,"stat.drop.minecraft.wheat_seeds":3,"stat.sneakTime":585,"stat.pickup.minecraft.wool":2,"stat.damageDealt":309,"stat.pickup.minecraft.item_frame":1,"stat.timeSinceDeath":8459,"stat.killEntity.Cow":1,"stat.pickup.minecraft.minecart":3,"stat.diveOneCm":8402,"stat.pickup.minecraft.wheat":12}