{"stat.chestOpened":9,"stat.dropperInspected":2,"stat.walkOneCm":38468,"stat.useItem.minecraft.egg":1,"stat.pickup.minecraft.anvil":2,"stat.damageTaken":364,"stat.pickup.minecraft.leather":1,"stat.mobKills":1,"stat.flyOneCm":15562,"stat.deaths":1,"stat.pickup.minecraft.wheat_seeds":48,"stat.jump":110,"stat.pickup.minecraft.egg":1,"stat.playOneMinute":7317,"stat.fallOneCm":5426,"stat.climbOneCm":1937,"stat.pickup.minecraft.beef":3,"stat.sneakTime":165,"stat.damageDealt":210,"stat.crouchOneCm":886,"stat.pickup.minecraft.item_frame":1,"stat.timeSinceDeath":1619,"stat.killEntity.Cow":1,"stat.pickup.minecraft.painting":1,"stat.sprintOneCm":29768,"stat.pickup.minecraft.minecart":3,"stat.pickup.minecraft.wheat":7}