{"stat.chestOpened":20,"stat.walkOneCm":140341,"stat.drop.minecraft.wheat":2,"stat.leaveGame":1,"stat.jump":552,"stat.swimOneCm":1799,"stat.fallOneCm":12358,"stat.climbOneCm":10523,"stat.pickup.minecraft.beef":3,"stat.crouchOneCm":1531,"stat.pickup.minecraft.painting":1,"stat.sprintOneCm":78877,"stat.dropperInspected":2,"stat.useItem.minecraft.egg":1,"stat.pickup.minecraft.anvil":2,"stat.damageTaken":790,"stat.pickup.minecraft.leather":1,"stat.pickup.minecraft.bread":2,"stat.mobKills":1,"stat.flyOneCm":71497,"stat.deaths":3,"stat.pickup.minecraft.wheat_seeds":80,"stat.drop":5,"stat.pickup.minecraft.egg":2,"stat.playOneMinute":38527,"stat.drop.minecraft.wheat_seeds":3,"stat.sneakTime":356,"stat.pickup.minecraft.wool":2,"stat.damageDealt":299,"stat.pickup.minecraft.item_frame":1,"stat.timeSinceDeath":2288,"stat.killEntity.Cow":1,"stat.pickup.minecraft.minecart":3,"stat.diveOneCm":8402,"stat.pickup.minecraft.wheat":11}