{"stats":{"minecraft:killed":{"minecraft:giant":1,"minecraft:spider":2,"minecraft:sheep":6,"minecraft:zombie":1},"minecraft:crafted":{"minecraft:diamond_axe":1},"minecraft:custom":{"minecraft:mob_kills":10,"minecraft:traded_with_villager":1,"minecraft:leave_game":1,"minecraft:time_since_death":570,"minecraft:climb_one_cm":1177,"minecraft:time_since_rest":599,"minecraft:sprint_one_cm":109327,"minecraft:walk_one_cm":241063,"minecraft:damage_taken":3734,"minecraft:drop":44,"minecraft:damage_dealt":2881,"minecraft:talked_to_villager":3,"minecraft:fly_one_cm":145139,"minecraft:open_chest":2,"minecraft:crouch_one_cm":8190,"minecraft:play_time":47388,"minecraft:deaths":10,"minecraft:sneak_time":2110,"minecraft:walk_under_water_one_cm":135,"minecraft:jump":939,"minecraft:walk_on_water_one_cm":541,"minecraft:total_world_time":47388,"minecraft:fall_one_cm":37181,"minecraft:horse_one_cm":9358},"minecraft:dropped":{"minecraft:poisonous_potato":8,"minecraft:book":8,"minecraft:potato":13,"minecraft:leather_boots":1,"minecraft:spider_eye":7,"minecraft:pumpkin_pie":4,"minecraft:stone_pickaxe":1,"minecraft:string":2},"minecraft:used":{"minecraft:leather_leggings":1,"minecraft:stone_sword":18,"minecraft:stone_pickaxe":25,"minecraft:armor_stand":1,"minecraft:prismarine":4,"minecraft:baked_potato":9,"minecraft:oak_planks":3,"minecraft:leather_chestplate":1,"minecraft:quartz_stairs":1,"minecraft:diamond_axe":15,"minecraft:player_head":2,"minecraft:rotten_flesh":1,"minecraft:torch":2,"minecraft:yellow_terracotta":2,"minecraft:bookshelf":13,"minecraft:slime_block":23,"minecraft:brown_wool":1,"minecraft:quartz_block":1,"minecraft:leather_helmet":1,"minecraft:spruce_trapdoor":2,"minecraft:iron_boots":1,"minecraft:yellow_wool":1,"minecraft:stone_axe":20,"minecraft:magenta_wool":1,"minecraft:red_banner":1,"minecraft:pumpkin_pie":1},"minecraft:mined":{"minecraft:quartz_block":2,"minecraft:player_wall_head":1,"minecraft:red_banner":1,"minecraft:spruce_trapdoor":1,"minecraft:torch":2,"minecraft:glass":1,"minecraft:slime_block":26,"minecraft:oak_planks":3,"minecraft:sandstone":15,"minecraft:sandstone_stairs":4,"minecraft:yellow_wool":1,"minecraft:fire":1,"minecraft:lime_terracotta":2,"lucky:lucky_block":21,"minecraft:player_head":2},"minecraft:picked_up":{"minecraft:leather_chestplate":1,"minecraft:prismarine_shard":48,"minecraft:golden_pickaxe":1,"minecraft:yellow_wool":1,"minecraft:leather_leggings":1,"minecraft:brown_wool":1,"minecraft:potato":55,"minecraft:golden_shovel":1,"minecraft:potion":1,"minecraft:golden_sword":1,"minecraft:lapis_lazuli":19,"minecraft:string":2,"minecraft:leather_boots":1,"minecraft:armor_stand":1,"minecraft:magenta_wool":1,"minecraft:gold_nugget":1,"minecraft:iron_ingot":1,"minecraft:stone_pickaxe":2,"minecraft:player_head":2,"minecraft:quartz_stairs":1,"minecraft:prismarine":9,"minecraft:oak_planks":3,"minecraft:stone_hoe":1,"minecraft:spruce_trapdoor":2,"minecraft:iron_boots":1,"minecraft:book":14,"minecraft:torch":2,"minecraft:lime_terracotta":7,"minecraft:poisonous_potato":8,"minecraft:golden_axe":1,"minecraft:red_banner":1,"minecraft:sea_lantern":7,"minecraft:spider_eye":7,"minecraft:iron_horse_armor":1,"minecraft:leather_helmet":1,"minecraft:quartz_block":5,"minecraft:stone_sword":1,"minecraft:stone_shovel":1,"minecraft:rotten_flesh":3,"minecraft:slime_ball":2,"minecraft:diamond":21,"minecraft:slime_block":30,"minecraft:stone_axe":1,"minecraft:pumpkin_pie":5,"minecraft:golden_hoe":1,"minecraft:yellow_terracotta":2,"minecraft:bookshelf":17,"minecraft:saddle":1,"minecraft:gold_ingot":34,"minecraft:emerald":27,"minecraft:white_terracotta":8,"minecraft:baked_potato":28,"minecraft:mutton":7,"minecraft:iron_bars":1,"minecraft:nether_star":1},"minecraft:killed_by":{"minecraft:player":1,"minecraft:magma_cube":1}},"DataVersion":3465}