{"stat.chestOpened":18,"stat.walkOneCm":54317,"stat.drop.minecraft.wheat":2,"stat.leaveGame":1,"stat.jump":262,"stat.fallOneCm":7810,"stat.climbOneCm":1937,"stat.pickup.minecraft.beef":3,"stat.crouchOneCm":909,"stat.pickup.minecraft.painting":1,"stat.sprintOneCm":44186,"stat.dropperInspected":2,"stat.useItem.minecraft.egg":1,"stat.pickup.minecraft.anvil":2,"stat.damageTaken":599,"stat.pickup.minecraft.leather":1,"stat.mobKills":1,"stat.flyOneCm":46596,"stat.deaths":2,"stat.pickup.minecraft.wheat_seeds":57,"stat.drop":5,"stat.pickup.minecraft.egg":2,"stat.playOneMinute":25927,"stat.drop.minecraft.wheat_seeds":3,"stat.sneakTime":203,"stat.damageDealt":274,"stat.pickup.minecraft.item_frame":1,"stat.timeSinceDeath":5779,"stat.killEntity.Cow":1,"stat.pickup.minecraft.minecart":3,"stat.pickup.minecraft.wheat":10}