{"stat.chestOpened":20,"stat.walkOneCm":207006,"stat.playerKills":1,"stat.drop.minecraft.wheat":2,"stat.pickup.minecraft.redstone_torch":2,"stat.leaveGame":4,"stat.jump":801,"stat.swimOneCm":1996,"stat.fallOneCm":39336,"stat.climbOneCm":11061,"stat.pickup.minecraft.beef":3,"stat.pickup.minecraft.tnt":1,"stat.pickup.minecraft.tallgrass":1,"stat.pickup.minecraft.stone":2,"stat.crouchOneCm":2830,"stat.pickup.minecraft.painting":1,"stat.sprintOneCm":105095,"stat.dropperInspected":2,"stat.useItem.minecraft.egg":2,"stat.pickup.minecraft.grass":1,"stat.pickup.minecraft.anvil":2,"stat.damageTaken":3405,"stat.pickup.minecraft.leather":1,"stat.pickup.minecraft.bread":2,"stat.mobKills":1,"stat.flyOneCm":105431,"stat.deaths":5,"stat.pickup.minecraft.wheat_seeds":89,"stat.drop":5,"stat.pickup.minecraft.egg":3,"stat.playOneMinute":106880,"stat.drop.minecraft.wheat_seeds":3,"stat.sneakTime":801,"stat.pickup.minecraft.wool":2,"stat.damageDealt":520,"stat.pickup.minecraft.item_frame":1,"stat.timeSinceDeath":1625,"stat.killEntity.Cow":1,"stat.pickup.minecraft.minecart":3,"stat.diveOneCm":8402,"stat.pickup.minecraft.wheat":18}