{"stat.useItem.minecraft.bow":69,"stat.drop.minecraft.mutton":1,"stat.leaveGame":50,"stat.drop.minecraft.redstone":10,"stat.useItem.minecraft.lead":1,"stat.useItem.minecraft.nether_brick_stairs":2,"stat.useItem.minecraft.golden_shovel":21,"stat.useItem.minecraft.water_bucket":67,"stat.pickup.minecraft.rotten_flesh":6,"stat.pickup.minecraft.sand":9,"stat.useItem.minecraft.golden_sword":7,"stat.pickup.minecraft.cobblestone_wall":1,"stat.useItem.minecraft.ender_pearl":99,"stat.drop.minecraft.tnt":2,"stat.drop.minecraft.golden_sword":2,"stat.useItem.minecraft.spawn_egg":40,"stat.pickup.minecraft.armor_stand":4,"stat.drop.minecraft.spruce_door":1,"stat.useItem.minecraft.dark_oak_stairs":42,"stat.drop.minecraft.red_flower":1,"stat.pickup.minecraft.beef":4,"stat.useItem.minecraft.redstone":35,"stat.useItem.minecraft.stained_glass":37,"stat.pickup.minecraft.iron_chestplate":5,"stat.pickup.minecraft.skull":6,"stat.drop.minecraft.lead":3,"stat.drop.minecraft.spectral_arrow":64,"stat.useItem.minecraft.wheat_seeds":6,"stat.pickup.minecraft.lever":8,"stat.deaths":24,"stat.pickup.minecraft.egg":24,"stat.playOneMinute":851971,"stat.drop.minecraft.torch":7,"stat.mineBlock.minecraft.tallgrass":1,"stat.chestOpened":38,"stat.useItem.minecraft.stone":101,"stat.pickup.minecraft.arrow":12,"stat.pickup.minecraft.iron_sword":3,"stat.drop.minecraft.banner":1,"stat.drop.minecraft.dark_oak_stairs":2,"stat.fallOneCm":5145,"stat.drop.minecraft.stone":1,"stat.pickup.minecraft.carrot":16,"stat.pickup.minecraft.melon_seeds":199,"stat.crouchOneCm":701,"stat.drop.minecraft.stained_glass_pane":1,"stat.pickup.minecraft.repeater":1,"stat.useItem.minecraft.dark_oak_fence":49,"stat.drop.minecraft.bone":4,"stat.pickup.minecraft.iron_leggings":9,"stat.pickup.minecraft.wheat_seeds":10,"stat.pickup.minecraft.lead":6,"stat.useItem.minecraft.enchanting_table":3,"stat.drop.minecraft.carpet":7,"stat.flowerPotted":1,"stat.useItem.minecraft.torch":43,"stat.drop.minecraft.stone_brick_stairs":1,"stat.drop.minecraft.rotten_flesh":2,"stat.useItem.minecraft.cobblestone":775,"stat.pickup.minecraft.log":2,"stat.drop.minecraft.sign":1,"stat.drop.minecraft.glass_pane":1,"stat.drop.minecraft.stonebrick":3,"stat.drop.minecraft.carrot":2,"stat.pickup.minecraft.tipped_arrow":866,"stat.drop.minecraft.melon_seeds":7,"stat.pickup.minecraft.banner":2,"stat.drop.minecraft.bow":1,"stat.pickup.minecraft.beetroot":2,"stat.useItem.minecraft.iron_sword":15,"stat.drop.minecraft.golden_chestplate":1,"stat.itemEnchanted":2,"stat.pickup.minecraft.diamond_helmet":1,"stat.useItem.minecraft.stonebrick":231,"stat.pickup.minecraft.golden_sword":1,"stat.useItem.minecraft.stone_hoe":12,"stat.pickup.minecraft.iron_door":1,"stat.pickup.minecraft.red_flower":2,"stat.useItem.minecraft.beetroot_seeds":1,"stat.sneakTime":3210,"stat.pickup.minecraft.wool":3,"stat.drop.minecraft.grass":7,"stat.pickup.minecraft.chest":1,"stat.pickup.minecraft.bone":12,"stat.horseOneCm":2203942,"stat.drop.minecraft.beetroot":1,"stat.useItem.minecraft.skull":1,"stat.useItem.minecraft.diamond_sword":1,"stat.swimOneCm":25282,"stat.climbOneCm":21929,"stat.drop.minecraft.sticky_piston":1,"stat.drop.minecraft.cobblestone":5,"stat.useItem.minecraft.dirt":95,"stat.useItem.minecraft.stone_slab2":1179,"stat.pickup.minecraft.bow":10,"stat.pickup.minecraft.iron_boots":6,"stat.useItem.minecraft.egg":575,"stat.pickup.minecraft.anvil":1,"stat.drop.minecraft.ender_pearl":2,"stat.pickup.minecraft.cobblestone":6,"stat.pickup.minecraft.gold_block":448,"stat.pickup.minecraft.diamond_leggings":2,"stat.flyOneCm":3391692,"stat.pickup.minecraft.sandstone":2,"stat.pickup.minecraft.redstone":9,"stat.timeSinceDeath":366152,"stat.drop.minecraft.log":5,"stat.drop.minecraft.spider_eye":2,"stat.pickup.minecraft.mutton":3,"stat.useItem.minecraft.iron_door":1,"stat.useItem.minecraft.lever":17,"stat.pickup.minecraft.stonebrick":2,"stat.drop.minecraft.stained_glass":1,"stat.drop.minecraft.dirt":2,"stat.drop.minecraft.wool":2,"stat.useItem.minecraft.armor_stand":6,"stat.pickup.minecraft.shield":2,"stat.killEntity.Creeper":1,"stat.drop.minecraft.spawn_egg":2,"stat.pickup.minecraft.string":2,"stat.entityKilledBy.Skeleton":2,"stat.drop.minecraft.anvil":2,"stat.sprintOneCm":30103,"stat.drop.minecraft.leather":11,"stat.pickup.minecraft.grass":1,"stat.useItem.minecraft.carrot":5,"stat.pickup.minecraft.diamond_chestplate":1,"stat.drop.minecraft.tipped_arrow":192,"stat.drop.minecraft.boat":1,"stat.drop.minecraft.cobblestone_wall":1,"stat.pickup.minecraft.spawn_egg":1,"stat.drop":146,"stat.useItem.minecraft.banner":10,"stat.killEntity.Sheep":1,"stat.killEntity.Zombie":1,"stat.diveOneCm":229087,"stat.pickup.minecraft.wheat":9,"stat.drop.minecraft.ladder":1,"stat.pickup.minecraft.diamond_sword":1,"stat.drop.minecraft.sandstone":1,"stat.jump":1097,"stat.pickup.minecraft.iron_helmet":5,"stat.drop.minecraft.diamond_sword":2,"stat.pickup.minecraft.gunpowder":2,"stat.pickup.minecraft.spider_eye":3,"stat.pickup.minecraft.dirt":10,"stat.useItem.minecraft.glass":17,"stat.boatOneCm":1804,"stat.damageTaken":1878,"stat.pickup.minecraft.leather":15,"stat.useItem.minecraft.stone_brick_stairs":3,"stat.mineBlock.minecraft.torch":1,"stat.useItem.minecraft.gold_block":1,"stat.pickup.minecraft.potato":1,"stat.damageDealt":2148,"stat.sleepInBed":1,"stat.killEntity.Cow":1,"stat.killEntity.Pig":2,"stat.walkOneCm":1561422,"stat.animalsBred":2,"stat.useItem.minecraft.chest":2,"stat.drop.minecraft.item_frame":1,"stat.drop.minecraft.wheat":3,"stat.useItem.minecraft.tnt":8,"stat.useItem.minecraft.item_frame":1,"stat.drop.minecraft.diamond_leggings":2,"stat.pickup.minecraft.ender_pearl":1,"stat.drop.minecraft.egg":20,"stat.pickup.minecraft.ladder":1,"stat.killEntity.Skeleton":4,"stat.drop.minecraft.lever":6,"stat.killEntity.Spider":4,"stat.drop.minecraft.end_rod":1,"stat.pickup.minecraft.dark_oak_stairs":1,"stat.mobKills":15,"stat.pickup.minecraft.diamond_boots":1,"stat.useItem.minecraft.boat":3,"stat.pickup.minecraft.golden_shovel":1,"stat.mineBlock.minecraft.leaves":3,"stat.pickup.minecraft.beetroot_seeds":3,"stat.drop.minecraft.spruce_stairs":1,"stat.pickup.minecraft.torch":13}