{"stats":{"minecraft:killed":{"minecraft:sheep":4,"minecraft:giant":1},"minecraft:custom":{"minecraft:time_since_rest":2024,"minecraft:inspect_dropper":1,"minecraft:interact_with_furnace":2,"minecraft:sprint_one_cm":135040,"minecraft:damage_taken":2007,"minecraft:walk_one_cm":121042,"minecraft:mob_kills":5,"minecraft:drop":33,"minecraft:damage_dealt":936,"minecraft:fly_one_cm":193786,"minecraft:player_kills":1,"minecraft:open_chest":8,"minecraft:crouch_one_cm":5245,"minecraft:play_time":35741,"minecraft:deaths":7,"minecraft:sneak_time":2244,"minecraft:jump":1030,"minecraft:time_since_death":1997,"minecraft:climb_one_cm":635,"minecraft:total_world_time":35741,"minecraft:fall_one_cm":38103,"minecraft:horse_one_cm":16},"minecraft:dropped":{"minecraft:iron_ingot":2,"minecraft:potato":5,"minecraft:lapis_lazuli":1,"minecraft:player_head":1,"minecraft:spruce_trapdoor":1,"minecraft:diamond":2,"minecraft:prismarine_shard":8,"minecraft:poisonous_potato":9,"minecraft:prismarine_crystals":2,"minecraft:book":1,"minecraft:slime_block":3,"minecraft:gold_ingot":1,"minecraft:emerald":5},"minecraft:used":{"minecraft:sea_lantern":5,"minecraft:prismarine":13,"minecraft:slime_block":25,"minecraft:baked_potato":2,"minecraft:green_wool":3,"minecraft:blue_wool":1,"minecraft:player_head":2,"minecraft:blue_banner":5,"minecraft:mutton":2,"minecraft:magenta_wool":4,"minecraft:pumpkin_pie":1,"minecraft:orange_wool":1,"minecraft:potato":2,"minecraft:jukebox":1,"minecraft:iron_leggings":1},"minecraft:mined":{"minecraft:blue_wall_banner":5,"minecraft:player_wall_head":1,"minecraft:slime_block":34,"lucky:lucky_block":10,"minecraft:magenta_wool":3,"minecraft:green_wool":2,"minecraft:oak_leaves":2},"minecraft:picked_up":{"minecraft:blue_wool":1,"minecraft:music_disc_strad":1,"minecraft:stick":1,"minecraft:splash_potion":1,"minecraft:ender_chest":2,"minecraft:jukebox":1,"minecraft:prismarine_shard":8,"minecraft:music_disc_mellohi":1,"minecraft:poisonous_potato":13,"minecraft:potato":47,"minecraft:red_terracotta":11,"minecraft:lapis_lazuli":1,"minecraft:prismarine_crystals":2,"minecraft:sea_lantern":5,"minecraft:orange_wool":1,"minecraft:quartz_block":9,"minecraft:magenta_wool":4,"minecraft:diamond":2,"minecraft:slime_block":28,"minecraft:pumpkin_pie":9,"minecraft:enchanting_table":1,"minecraft:iron_ingot":1,"minecraft:emerald":5,"minecraft:player_head":3,"minecraft:green_wool":3,"minecraft:gold_ingot":2,"minecraft:blue_banner":6,"minecraft:baked_potato":9,"minecraft:spruce_trapdoor":2,"minecraft:prismarine":13,"minecraft:mutton":5,"minecraft:book":1},"minecraft:killed_by":{"minecraft:player":1,"minecraft:zombie":1}},"DataVersion":3465}