{"stats":{"minecraft:picked_up":{"minecraft:crafting_table":12,"minecraft:feather":7,"minecraft:chicken":8,"minecraft:clay_ball":20,"minecraft:jungle_log":10,"minecraft:andesite":78,"minecraft:leather":5,"minecraft:brown_mushroom":9,"minecraft:red_mushroom":12,"minecraft:flint":8,"minecraft:oak_log":25,"minecraft:lapis_lazuli":50,"minecraft:dirt":57,"minecraft:raw_copper":30,"minecraft:raw_gold":8,"minecraft:stone_pickaxe":1,"minecraft:beef":6,"minecraft:oak_boat":1,"minecraft:bamboo":145,"minecraft:sugar_cane":5,"minecraft:melon_slice":44,"minecraft:furnace":2,"minecraft:smooth_basalt":3,"minecraft:raw_iron":115,"minecraft:oak_door":3,"minecraft:gravel":55,"minecraft:amethyst_shard":4,"minecraft:diorite":62,"minecraft:carrot":1,"minecraft:dark_oak_log":3,"minecraft:rotten_flesh":3,"minecraft:tropical_fish":1,"minecraft:granite":136,"minecraft:mutton":4,"minecraft:mangrove_propagule":2,"minecraft:coal":16,"minecraft:white_wool":3,"minecraft:cobblestone":1124},"minecraft:dropped":{"minecraft:gravel":26,"minecraft:feather":1,"minecraft:cobblestone":34,"minecraft:clay_ball":20,"minecraft:granite":68,"minecraft:dirt":22,"minecraft:diorite":22,"minecraft:wooden_axe":1,"minecraft:wooden_pickaxe":1,"minecraft:stone_pickaxe":1,"minecraft:smooth_basalt":3},"minecraft:mined":{"minecraft:podzol":1,"minecraft:oak_door":2,"minecraft:amethyst_cluster":1,"minecraft:dark_oak_log":3,"minecraft:clay":50,"minecraft:crafting_table":12,"minecraft:granite":174,"minecraft:calcite":7,"minecraft:grass_block":7,"minecraft:melon":8,"minecraft:jungle_log":10,"minecraft:brown_mushroom_block":28,"minecraft:copper_ore":8,"minecraft:cobblestone":20,"minecraft:lapis_ore":10,"minecraft:moss_block":1,"minecraft:sugar_cane":2,"minecraft:diorite":79,"minecraft:mangrove_propagule":2,"minecraft:amethyst_block":4,"minecraft:furnace":2,"minecraft:iron_ore":106,"minecraft:andesite":94,"minecraft:grass":11,"minecraft:oak_log":25,"minecraft:coal_ore":16,"minecraft:vine":3,"minecraft:small_amethyst_bud":1,"minecraft:gravel":78,"minecraft:dirt":50,"minecraft:smooth_basalt":3,"minecraft:bamboo":16,"minecraft:red_mushroom_block":41,"minecraft:stone":1525,"minecraft:gold_ore":8,"minecraft:oak_leaves":8,"minecraft:fern":6},"minecraft:killed_by":{"minecraft:creeper":1},"minecraft:killed":{"minecraft:spider":1,"minecraft:creeper":1,"minecraft:sheep":3,"minecraft:zombie":4,"minecraft:chicken":8,"minecraft:cow":3},"minecraft:custom":{"minecraft:interact_with_furnace":14,"minecraft:mob_kills":20,"minecraft:interact_with_crafting_table":27,"minecraft:leave_game":1,"minecraft:time_since_death":48313,"minecraft:climb_one_cm":1754,"minecraft:time_since_rest":48337,"minecraft:sprint_one_cm":107854,"minecraft:walk_one_cm":89811,"minecraft:damage_taken":1230,"minecraft:drop":18,"minecraft:damage_dealt":2012,"minecraft:swim_one_cm":87708,"minecraft:fly_one_cm":152516,"minecraft:crouch_one_cm":96045,"minecraft:play_time":85035,"minecraft:deaths":3,"minecraft:sneak_time":25136,"minecraft:walk_under_water_one_cm":47444,"minecraft:boat_one_cm":78367,"minecraft:jump":934,"minecraft:walk_on_water_one_cm":29390,"minecraft:total_world_time":85035,"minecraft:fall_one_cm":24206},"minecraft:used":{"minecraft:stone_sword":34,"minecraft:stone_shovel":162,"minecraft:stone_pickaxe":785,"minecraft:wooden_pickaxe":14,"minecraft:oak_door":7,"minecraft:dirt":20,"minecraft:crafting_table":15,"minecraft:mushroom_stew":4,"minecraft:granite":6,"minecraft:oak_log":3,"minecraft:wooden_axe":7,"minecraft:melon_slice":5,"minecraft:iron_pickaxe":1277,"minecraft:stone_axe":129,"minecraft:cobblestone":67,"minecraft:furnace":4,"minecraft:oak_boat":1},"minecraft:crafted":{"minecraft:oak_door":6,"minecraft:oak_planks":88,"minecraft:stone_shovel":2,"minecraft:crafting_table":4,"minecraft:wooden_pickaxe":3,"minecraft:bowl":4,"minecraft:furnace":4,"minecraft:mushroom_stew":4,"minecraft:stone_axe":2,"minecraft:air":0,"minecraft:jungle_planks":40,"minecraft:bamboo_block":2,"minecraft:oak_boat":1,"minecraft:bamboo_planks":4,"minecraft:charcoal":1,"minecraft:stick":76,"minecraft:iron_ingot":64,"minecraft:iron_pickaxe":6,"minecraft:stone_pickaxe":7,"minecraft:wooden_axe":1,"minecraft:stone_sword":2,"minecraft:dark_oak_planks":8},"minecraft:broken":{"minecraft:stone_pickaxe":5,"minecraft:iron_pickaxe":4,"minecraft:stone_shovel":1}},"DataVersion":3465}