{"stats":{"minecraft:picked_up":{"minecraft:crafting_table":7,"minecraft:feather":7,"minecraft:chicken":8,"minecraft:jungle_log":10,"minecraft:andesite":14,"minecraft:leather":5,"minecraft:brown_mushroom":9,"minecraft:red_mushroom":12,"minecraft:flint":2,"minecraft:oak_log":25,"minecraft:dirt":26,"minecraft:raw_copper":2,"minecraft:raw_gold":8,"minecraft:beef":6,"minecraft:oak_boat":1,"minecraft:bamboo":145,"minecraft:sugar_cane":5,"minecraft:melon_slice":44,"minecraft:furnace":1,"minecraft:raw_iron":49,"minecraft:oak_door":3,"minecraft:gravel":23,"minecraft:diorite":40,"minecraft:carrot":1,"minecraft:dark_oak_log":3,"minecraft:rotten_flesh":3,"minecraft:tropical_fish":1,"minecraft:granite":41,"minecraft:mutton":4,"minecraft:mangrove_propagule":2,"minecraft:coal":9,"minecraft:white_wool":3,"minecraft:cobblestone":463},"minecraft:mined":{"minecraft:podzol":1,"minecraft:oak_door":2,"minecraft:dark_oak_log":3,"minecraft:crafting_table":7,"minecraft:granite":41,"minecraft:grass_block":7,"minecraft:melon":8,"minecraft:jungle_log":10,"minecraft:brown_mushroom_block":28,"minecraft:copper_ore":1,"minecraft:cobblestone":5,"minecraft:sugar_cane":2,"minecraft:diorite":40,"minecraft:mangrove_propagule":2,"minecraft:furnace":1,"minecraft:iron_ore":46,"minecraft:andesite":14,"minecraft:grass":11,"minecraft:oak_log":25,"minecraft:coal_ore":9,"minecraft:vine":3,"minecraft:gravel":25,"minecraft:dirt":19,"minecraft:bamboo":16,"minecraft:red_mushroom_block":41,"minecraft:stone":466,"minecraft:gold_ore":8,"minecraft:oak_leaves":8,"minecraft:fern":6},"minecraft:killed_by":{"minecraft:creeper":1},"minecraft:killed":{"minecraft:spider":1,"minecraft:creeper":1,"minecraft:sheep":3,"minecraft:zombie":4,"minecraft:chicken":8,"minecraft:cow":3},"minecraft:custom":{"minecraft:interact_with_furnace":7,"minecraft:mob_kills":20,"minecraft:interact_with_crafting_table":20,"minecraft:time_since_death":9391,"minecraft:climb_one_cm":1754,"minecraft:time_since_rest":9415,"minecraft:sprint_one_cm":84234,"minecraft:walk_one_cm":52294,"minecraft:damage_taken":1200,"minecraft:damage_dealt":2012,"minecraft:swim_one_cm":74944,"minecraft:fly_one_cm":137129,"minecraft:crouch_one_cm":34835,"minecraft:play_time":46113,"minecraft:deaths":3,"minecraft:sneak_time":9594,"minecraft:walk_under_water_one_cm":35344,"minecraft:boat_one_cm":78367,"minecraft:jump":725,"minecraft:walk_on_water_one_cm":19072,"minecraft:total_world_time":46113,"minecraft:fall_one_cm":22580},"minecraft:used":{"minecraft:stone_sword":34,"minecraft:stone_shovel":34,"minecraft:stone_pickaxe":333,"minecraft:wooden_pickaxe":14,"minecraft:oak_door":7,"minecraft:dirt":20,"minecraft:crafting_table":10,"minecraft:mushroom_stew":2,"minecraft:oak_log":3,"minecraft:wooden_axe":7,"minecraft:melon_slice":5,"minecraft:iron_pickaxe":295,"minecraft:stone_axe":125,"minecraft:cobblestone":17,"minecraft:furnace":2,"minecraft:oak_boat":1},"minecraft:crafted":{"minecraft:oak_door":6,"minecraft:oak_planks":88,"minecraft:stone_shovel":2,"minecraft:crafting_table":4,"minecraft:wooden_pickaxe":3,"minecraft:bowl":4,"minecraft:furnace":4,"minecraft:mushroom_stew":4,"minecraft:stone_axe":2,"minecraft:air":0,"minecraft:jungle_planks":40,"minecraft:bamboo_block":2,"minecraft:oak_boat":1,"minecraft:bamboo_planks":4,"minecraft:stick":56,"minecraft:iron_ingot":22,"minecraft:iron_pickaxe":2,"minecraft:stone_pickaxe":4,"minecraft:wooden_axe":1,"minecraft:stone_sword":2},"minecraft:broken":{"minecraft:stone_pickaxe":2,"minecraft:iron_pickaxe":1}},"DataVersion":3465}