{"stats":{"minecraft:killed":{"minecraft:giant":1,"minecraft:slime":1,"minecraft:sheep":4},"minecraft:custom":{"minecraft:inspect_dropper":1,"minecraft:mob_kills":6,"minecraft:time_since_death":6310,"minecraft:climb_one_cm":635,"minecraft:sprint_one_cm":202504,"minecraft:walk_one_cm":199376,"minecraft:drop":128,"minecraft:talked_to_villager":1,"minecraft:play_time":59741,"minecraft:deaths":12,"minecraft:sneak_time":3680,"minecraft:walk_under_water_one_cm":357,"minecraft:jump":1560,"minecraft:total_world_time":59741,"minecraft:interact_with_furnace":2,"minecraft:time_since_rest":6343,"minecraft:damage_taken":4076,"minecraft:damage_dealt":994,"minecraft:fly_one_cm":297213,"minecraft:player_kills":1,"minecraft:open_chest":9,"minecraft:crouch_one_cm":9322,"minecraft:fall_one_cm":60226,"minecraft:horse_one_cm":173893},"minecraft:dropped":{"minecraft:iron_ingot":2,"minecraft:piston":4,"minecraft:lapis_lazuli":1,"minecraft:clock":1,"minecraft:oak_pressure_plate":1,"minecraft:diamond":12,"minecraft:sandstone_stairs":8,"minecraft:poisonous_potato":21,"minecraft:prismarine_shard":34,"minecraft:feather":1,"minecraft:prismarine_crystals":43,"minecraft:book":1,"minecraft:red_wool":1,"minecraft:leather_helmet":1,"minecraft:light_weighted_pressure_plate":1,"minecraft:emerald":5,"minecraft:redstone_lamp":4,"minecraft:iron_trapdoor":2,"minecraft:mutton":3,"minecraft:iron_door":1,"minecraft:music_disc_strad":1,"minecraft:bone_meal":7,"minecraft:glistering_melon_slice":2,"minecraft:fermented_spider_eye":3,"minecraft:tripwire_hook":1,"minecraft:gold_ingot":1,"minecraft:bone":4,"minecraft:lever":3,"minecraft:player_head":1,"minecraft:nether_wart":2,"minecraft:rotten_flesh":6,"minecraft:iron_hoe":1,"minecraft:comparator":3,"minecraft:slime_block":8,"minecraft:golden_shovel":1,"minecraft:filled_map":1,"minecraft:poppy":1,"minecraft:oak_fence_gate":1,"minecraft:leather_chestplate":1,"minecraft:potato":5,"minecraft:oak_button":2,"minecraft:heavy_weighted_pressure_plate":1,"minecraft:spruce_trapdoor":4,"minecraft:leather_boots":1,"minecraft:golden_sword":2,"minecraft:leather_leggings":1,"minecraft:redstone_torch":8,"minecraft:spider_eye":5,"minecraft:painting":4,"minecraft:music_disc_mellohi":1,"minecraft:magma_cream":2,"minecraft:quartz":20},"minecraft:used":{"minecraft:iron_shovel":3,"minecraft:armor_stand":1,"minecraft:player_head":4,"minecraft:cooked_chicken":1,"minecraft:mutton":2,"minecraft:orange_wool":1,"minecraft:iron_hoe":2,"minecraft:sea_lantern":7,"minecraft:red_wool":1,"minecraft:slime_block":25,"minecraft:green_wool":3,"minecraft:quartz_block":12,"minecraft:blue_banner":5,"minecraft:repeater":8,"minecraft:magenta_wool":4,"minecraft:stone_pressure_plate":2,"minecraft:potato":2,"minecraft:iron_leggings":1,"minecraft:prismarine":44,"minecraft:baked_potato":8,"minecraft:blue_wool":1,"minecraft:white_wool":1,"minecraft:comparator":1,"minecraft:painting":23,"minecraft:lever":3,"minecraft:daylight_detector":1,"minecraft:red_terracotta":4,"minecraft:pumpkin_pie":1,"minecraft:jukebox":1},"minecraft:mined":{"minecraft:lever":1,"lucky:lucky_block":26,"minecraft:green_wool":2,"minecraft:blue_wall_banner":5,"minecraft:player_wall_head":1,"minecraft:slime_block":36,"minecraft:magenta_wool":3,"minecraft:oak_leaves":5},"minecraft:picked_up":{"minecraft:music_disc_strad":1,"minecraft:nether_wart":2,"minecraft:splash_potion":1,"minecraft:ender_chest":4,"minecraft:iron_trapdoor":2,"minecraft:prismarine_shard":34,"minecraft:redstone_lamp":4,"minecraft:leather_leggings":1,"minecraft:golden_shovel":1,"minecraft:golden_sword":2,"minecraft:heavy_weighted_pressure_plate":1,"minecraft:armor_stand":1,"minecraft:iron_shovel":1,"minecraft:magenta_wool":4,"minecraft:gold_nugget":3,"minecraft:comparator":4,"minecraft:light_weighted_pressure_plate":1,"minecraft:redstone_torch":8,"minecraft:player_head":5,"minecraft:ender_eye":3,"minecraft:poppy":3,"minecraft:piston":4,"minecraft:spruce_trapdoor":4,"minecraft:blue_wool":1,"minecraft:stick":1,"minecraft:jukebox":1,"minecraft:music_disc_mellohi":1,"minecraft:porkchop":3,"minecraft:prismarine_crystals":43,"minecraft:rabbit_foot":2,"minecraft:stone_pressure_plate":2,"minecraft:quartz_block":12,"minecraft:rotten_flesh":6,"minecraft:stone_sword":1,"minecraft:diamond_chestplate":1,"minecraft:pumpkin_pie":9,"minecraft:sandstone_stairs":8,"minecraft:gold_ingot":34,"minecraft:saddle":2,"minecraft:green_wool":3,"minecraft:glistering_melon_slice":4,"minecraft:blaze_rod":2,"minecraft:white_wool":1,"minecraft:mutton":5,"minecraft:skeleton_skull":1,"minecraft:blaze_powder":3,"minecraft:enchanting_table":1,"minecraft:leather_chestplate":1,"minecraft:feather":1,"minecraft:clock":1,"minecraft:magma_cream":2,"minecraft:repeater":8,"minecraft:iron_door":1,"minecraft:tripwire_hook":1,"minecraft:potato":69,"minecraft:filled_map":1,"minecraft:lapis_lazuli":1,"minecraft:leather_boots":1,"minecraft:bone":7,"minecraft:iron_ingot":25,"minecraft:oak_fence_gate":1,"minecraft:cooked_chicken":1,"minecraft:prismarine":44,"minecraft:book":1,"minecraft:ghast_tear":2,"minecraft:daylight_detector":1,"minecraft:red_wool":2,"minecraft:quartz":20,"minecraft:oak_pressure_plate":1,"minecraft:poisonous_potato":24,"minecraft:fermented_spider_eye":6,"minecraft:orange_wool":1,"minecraft:red_terracotta":11,"minecraft:sea_lantern":14,"minecraft:spider_eye":5,"minecraft:dragon_egg":1,"minecraft:leather_helmet":1,"minecraft:iron_hoe":1,"minecraft:diamond":33,"minecraft:slime_block":33,"minecraft:lever":6,"minecraft:painting":27,"minecraft:bone_meal":7,"minecraft:emerald":28,"minecraft:oak_button":2,"minecraft:blue_banner":6,"minecraft:baked_potato":20,"minecraft:hopper":4,"minecraft:ender_pearl":2},"minecraft:killed_by":{"minecraft:player":3,"minecraft:creeper":1,"minecraft:zombie":1}},"DataVersion":3465}