{"stats":{"minecraft:killed":{"minecraft:giant":1,"minecraft:slime":1,"minecraft:wolf":4,"minecraft:rabbit":2,"minecraft:sheep":4},"minecraft:crafted":{"minecraft:lapis_lazuli":9},"minecraft:custom":{"minecraft:inspect_dropper":1,"minecraft:mob_kills":12,"minecraft:time_since_death":18310,"minecraft:climb_one_cm":635,"minecraft:sprint_one_cm":244729,"minecraft:walk_one_cm":237427,"minecraft:drop":169,"minecraft:play_noteblock":1,"minecraft:talked_to_villager":1,"minecraft:play_time":71741,"minecraft:deaths":12,"minecraft:sneak_time":3810,"minecraft:walk_under_water_one_cm":357,"minecraft:jump":1935,"minecraft:total_world_time":71741,"minecraft:interact_with_furnace":2,"minecraft:tune_noteblock":20,"minecraft:time_since_rest":18343,"minecraft:open_enderchest":1,"minecraft:damage_taken":4675,"minecraft:damage_dealt":1724,"minecraft:fly_one_cm":373707,"minecraft:player_kills":1,"minecraft:open_chest":13,"minecraft:crouch_one_cm":9444,"minecraft:fall_one_cm":76918,"minecraft:horse_one_cm":180013},"minecraft:dropped":{"minecraft:enchanted_book":1,"minecraft:iron_ingot":2,"minecraft:porkchop":3,"minecraft:piston":4,"minecraft:lapis_lazuli":1,"minecraft:clock":1,"minecraft:oak_pressure_plate":1,"minecraft:diamond":12,"minecraft:sandstone_stairs":8,"minecraft:poisonous_potato":21,"minecraft:prismarine_shard":34,"minecraft:feather":1,"minecraft:prismarine_crystals":48,"minecraft:book":1,"minecraft:red_wool":1,"minecraft:leather_helmet":1,"minecraft:light_weighted_pressure_plate":1,"minecraft:emerald":5,"minecraft:oxeye_daisy":8,"minecraft:redstone_lamp":4,"minecraft:iron_trapdoor":2,"minecraft:mutton":3,"minecraft:rabbit":2,"minecraft:iron_door":1,"minecraft:wooden_sword":1,"minecraft:music_disc_strad":1,"minecraft:bone_meal":8,"minecraft:sugar":1,"minecraft:glistering_melon_slice":4,"minecraft:fermented_spider_eye":6,"minecraft:tripwire_hook":1,"minecraft:dandelion":3,"minecraft:gold_ingot":1,"minecraft:bone":4,"minecraft:pink_tulip":6,"minecraft:lever":3,"minecraft:player_head":1,"minecraft:nether_wart":2,"minecraft:rotten_flesh":6,"minecraft:iron_hoe":1,"minecraft:comparator":3,"minecraft:slime_block":8,"minecraft:ender_eye":3,"minecraft:golden_shovel":1,"minecraft:azure_bluet":8,"minecraft:rabbit_foot":2,"minecraft:filled_map":1,"minecraft:sea_lantern":5,"minecraft:poppy":15,"minecraft:rabbit_hide":2,"minecraft:oak_fence_gate":1,"minecraft:leather_chestplate":1,"minecraft:potato":5,"minecraft:oak_button":2,"minecraft:allium":10,"minecraft:heavy_weighted_pressure_plate":1,"minecraft:spruce_trapdoor":4,"minecraft:skeleton_skull":1,"minecraft:hopper":4,"minecraft:leather_boots":1,"minecraft:golden_sword":2,"minecraft:leather_leggings":1,"minecraft:redstone_torch":8,"minecraft:spider_eye":5,"minecraft:painting":4,"minecraft:slime_ball":4,"minecraft:blue_orchid":4,"minecraft:music_disc_mellohi":1,"minecraft:magma_cream":2,"minecraft:ghast_tear":2,"minecraft:quartz":20},"minecraft:used":{"minecraft:stone_sword":22,"minecraft:iron_shovel":7,"minecraft:armor_stand":1,"minecraft:ender_chest":1,"minecraft:quartz_stairs":1,"minecraft:player_head":4,"minecraft:cooked_chicken":1,"minecraft:mutton":2,"minecraft:orange_wool":1,"minecraft:iron_hoe":2,"minecraft:sea_lantern":9,"minecraft:red_wool":1,"lucky:lucky_block":4,"minecraft:slime_block":25,"minecraft:green_wool":3,"minecraft:quartz_block":19,"minecraft:blue_banner":6,"minecraft:repeater":8,"minecraft:magenta_wool":4,"minecraft:stone_pressure_plate":2,"minecraft:potato":2,"minecraft:iron_leggings":1,"minecraft:prismarine":44,"minecraft:baked_potato":19,"minecraft:blue_wool":1,"minecraft:oak_leaves":5,"minecraft:white_wool":1,"minecraft:comparator":1,"minecraft:note_block":2,"minecraft:painting":23,"minecraft:lever":3,"minecraft:diamond_shovel":9,"minecraft:daylight_detector":1,"minecraft:red_terracotta":11,"minecraft:pumpkin_pie":1,"minecraft:jukebox":1},"minecraft:mined":{"minecraft:sea_lantern":2,"minecraft:lever":1,"minecraft:fire":4,"lucky:lucky_block":37,"minecraft:green_wool":2,"minecraft:blue_wall_banner":5,"minecraft:player_wall_head":1,"minecraft:note_block":1,"minecraft:slime_block":36,"minecraft:magenta_wool":3,"minecraft:oak_leaves":10},"minecraft:picked_up":{"minecraft:music_disc_strad":1,"minecraft:azure_bluet":8,"minecraft:allium":10,"minecraft:nether_wart":2,"minecraft:splash_potion":1,"minecraft:ender_chest":4,"minecraft:iron_trapdoor":2,"minecraft:prismarine_shard":34,"minecraft:redstone_lamp":4,"minecraft:leather_leggings":1,"minecraft:enchanted_book":1,"minecraft:golden_shovel":1,"minecraft:diamond_horse_armor":1,"minecraft:golden_sword":2,"minecraft:heavy_weighted_pressure_plate":1,"minecraft:lapis_block":1,"minecraft:wooden_sword":1,"minecraft:armor_stand":1,"minecraft:iron_shovel":1,"minecraft:magenta_wool":4,"minecraft:blue_orchid":4,"minecraft:gold_nugget":3,"minecraft:comparator":4,"minecraft:light_weighted_pressure_plate":1,"minecraft:redstone_torch":8,"minecraft:player_head":6,"minecraft:ender_eye":3,"minecraft:poppy":15,"minecraft:quartz_stairs":1,"minecraft:piston":4,"minecraft:spruce_trapdoor":4,"minecraft:blue_wool":1,"minecraft:stick":9,"minecraft:jukebox":1,"minecraft:music_disc_mellohi":1,"minecraft:note_block":2,"minecraft:porkchop":3,"minecraft:prismarine_crystals":48,"minecraft:rabbit_foot":5,"minecraft:stone_pressure_plate":2,"minecraft:quartz_block":19,"minecraft:arrow":2,"minecraft:rotten_flesh":6,"minecraft:stone_sword":1,"minecraft:diamond_chestplate":1,"minecraft:tropical_fish":1,"minecraft:pumpkin_pie":9,"minecraft:sandstone_stairs":8,"minecraft:yellow_terracotta":17,"minecraft:pink_tulip":6,"minecraft:gold_ingot":34,"minecraft:saddle":3,"minecraft:green_wool":3,"minecraft:glistering_melon_slice":4,"minecraft:blaze_rod":2,"minecraft:white_wool":1,"minecraft:mutton":5,"minecraft:skeleton_skull":1,"minecraft:blaze_powder":3,"minecraft:oxeye_daisy":8,"minecraft:enchanting_table":1,"minecraft:leather_chestplate":1,"minecraft:feather":1,"minecraft:clock":1,"minecraft:magma_cream":2,"minecraft:repeater":8,"minecraft:iron_door":1,"minecraft:tripwire_hook":1,"minecraft:potato":69,"minecraft:filled_map":1,"lucky:lucky_block":4,"minecraft:lapis_lazuli":1,"minecraft:leather_boots":1,"minecraft:bone":8,"minecraft:rabbit_hide":2,"minecraft:iron_ingot":25,"minecraft:oak_fence_gate":1,"minecraft:cooked_chicken":1,"minecraft:rabbit":2,"minecraft:prismarine":44,"minecraft:book":1,"minecraft:ghast_tear":3,"minecraft:daylight_detector":1,"minecraft:red_wool":2,"minecraft:quartz":20,"minecraft:dandelion":3,"minecraft:oak_pressure_plate":1,"minecraft:poisonous_potato":24,"minecraft:fermented_spider_eye":6,"minecraft:orange_wool":1,"minecraft:red_terracotta":11,"minecraft:sea_lantern":14,"minecraft:spider_eye":5,"minecraft:dragon_egg":1,"minecraft:leather_helmet":1,"minecraft:iron_hoe":1,"minecraft:diamond_shovel":1,"minecraft:sugar":1,"minecraft:slime_ball":4,"minecraft:diamond":33,"minecraft:slime_block":33,"minecraft:lever":6,"minecraft:painting":27,"minecraft:bone_meal":8,"minecraft:golden_horse_armor":1,"minecraft:emerald":28,"minecraft:oak_button":2,"minecraft:blue_banner":6,"minecraft:baked_potato":20,"minecraft:oak_leaves":5,"minecraft:hopper":8,"minecraft:ender_pearl":2},"minecraft:killed_by":{"minecraft:player":3,"minecraft:creeper":1,"minecraft:zombie":1}},"DataVersion":3465}