{"stats":{"minecraft:custom":{"minecraft:open_chest":7,"minecraft:time_since_rest":5784,"minecraft:walk_one_cm":77308,"minecraft:crouch_one_cm":4239,"minecraft:play_time":23741,"minecraft:interact_with_furnace":2,"minecraft:sprint_one_cm":88779,"minecraft:damage_taken":1336,"minecraft:deaths":5,"minecraft:sneak_time":1917,"minecraft:drop":2,"minecraft:jump":697,"minecraft:damage_dealt":497,"minecraft:time_since_death":5751,"minecraft:total_world_time":23741,"minecraft:climb_one_cm":635,"minecraft:fall_one_cm":24112,"minecraft:fly_one_cm":146748,"minecraft:player_kills":1},"minecraft:dropped":{"minecraft:book":1,"minecraft:player_head":1},"minecraft:used":{"minecraft:blue_banner":5,"minecraft:player_head":2},"minecraft:mined":{"minecraft:blue_wall_banner":5,"minecraft:player_wall_head":1,"lucky:lucky_block":3,"minecraft:oak_leaves":2},"minecraft:picked_up":{"minecraft:stick":1,"minecraft:splash_potion":1,"minecraft:player_head":3,"minecraft:blue_banner":6,"minecraft:book":1},"minecraft:killed_by":{"minecraft:player":1}},"DataVersion":3465}