{"stats":{"minecraft:picked_up":{"minecraft:crafting_table":5,"minecraft:feather":6,"minecraft:chicken":7,"minecraft:jungle_log":3,"minecraft:andesite":14,"minecraft:leather":5,"minecraft:flint":2,"minecraft:oak_log":22,"minecraft:dirt":15,"minecraft:raw_copper":2,"minecraft:raw_gold":8,"minecraft:beef":6,"minecraft:bamboo":98,"minecraft:melon_slice":44,"minecraft:furnace":1,"minecraft:raw_iron":48,"minecraft:oak_door":3,"minecraft:gravel":23,"minecraft:diorite":40,"minecraft:carrot":1,"minecraft:rotten_flesh":2,"minecraft:tropical_fish":1,"minecraft:granite":41,"minecraft:mangrove_propagule":2,"minecraft:coal":9,"minecraft:cobblestone":432},"minecraft:mined":{"minecraft:podzol":1,"minecraft:oak_door":2,"minecraft:crafting_table":5,"minecraft:granite":41,"minecraft:grass_block":4,"minecraft:melon":8,"minecraft:jungle_log":3,"minecraft:copper_ore":1,"minecraft:cobblestone":5,"minecraft:diorite":40,"minecraft:mangrove_propagule":2,"minecraft:furnace":1,"minecraft:iron_ore":45,"minecraft:andesite":14,"minecraft:grass":10,"minecraft:oak_log":22,"minecraft:coal_ore":9,"minecraft:vine":1,"minecraft:gravel":25,"minecraft:dirt":10,"minecraft:bamboo":10,"minecraft:stone":435,"minecraft:gold_ore":8,"minecraft:oak_leaves":8,"minecraft:fern":5},"minecraft:killed":{"minecraft:zombie":2,"minecraft:chicken":7,"minecraft:cow":3},"minecraft:custom":{"minecraft:interact_with_furnace":7,"minecraft:mob_kills":12,"minecraft:interact_with_crafting_table":12,"minecraft:time_since_death":2722,"minecraft:climb_one_cm":1136,"minecraft:time_since_rest":2748,"minecraft:sprint_one_cm":46640,"minecraft:walk_one_cm":33747,"minecraft:damage_taken":210,"minecraft:damage_dealt":982,"minecraft:swim_one_cm":74944,"minecraft:fly_one_cm":65733,"minecraft:crouch_one_cm":30614,"minecraft:play_time":34113,"minecraft:deaths":1,"minecraft:sneak_time":8645,"minecraft:walk_under_water_one_cm":35344,"minecraft:jump":441,"minecraft:walk_on_water_one_cm":18104,"minecraft:total_world_time":34113,"minecraft:fall_one_cm":9773},"minecraft:used":{"minecraft:stone_sword":20,"minecraft:stone_shovel":31,"minecraft:stone_pickaxe":304,"minecraft:wooden_pickaxe":11,"minecraft:oak_door":7,"minecraft:dirt":11,"minecraft:crafting_table":7,"minecraft:oak_log":3,"minecraft:melon_slice":5,"minecraft:iron_pickaxe":295,"minecraft:stone_axe":42,"minecraft:cobblestone":17,"minecraft:furnace":2},"minecraft:crafted":{"minecraft:oak_door":6,"minecraft:oak_planks":76,"minecraft:stone_shovel":1,"minecraft:crafting_table":3,"minecraft:wooden_pickaxe":2,"minecraft:furnace":2,"minecraft:stone_axe":1,"minecraft:air":0,"minecraft:jungle_planks":12,"minecraft:bamboo_block":2,"minecraft:bamboo_planks":4,"minecraft:stick":36,"minecraft:iron_ingot":22,"minecraft:iron_pickaxe":2,"minecraft:stone_pickaxe":3,"minecraft:stone_sword":1},"minecraft:broken":{"minecraft:stone_pickaxe":2,"minecraft:iron_pickaxe":1}},"DataVersion":3465}