{"stats":{"minecraft:picked_up":{"minecraft:crafting_table":12,"minecraft:feather":7,"minecraft:chicken":8,"minecraft:clay_ball":20,"minecraft:jungle_log":10,"minecraft:andesite":66,"minecraft:leather":5,"minecraft:brown_mushroom":9,"minecraft:red_mushroom":12,"minecraft:flint":7,"minecraft:oak_log":25,"minecraft:lapis_lazuli":40,"minecraft:dirt":46,"minecraft:raw_copper":10,"minecraft:raw_gold":8,"minecraft:stone_pickaxe":1,"minecraft:beef":6,"minecraft:oak_boat":1,"minecraft:bamboo":145,"minecraft:sugar_cane":5,"minecraft:melon_slice":44,"minecraft:furnace":2,"minecraft:smooth_basalt":3,"minecraft:raw_iron":97,"minecraft:oak_door":3,"minecraft:gravel":49,"minecraft:amethyst_shard":4,"minecraft:diorite":51,"minecraft:carrot":1,"minecraft:dark_oak_log":3,"minecraft:rotten_flesh":3,"minecraft:tropical_fish":1,"minecraft:granite":98,"minecraft:mutton":4,"minecraft:mangrove_propagule":2,"minecraft:coal":10,"minecraft:white_wool":3,"minecraft:cobblestone":854},"minecraft:dropped":{"minecraft:gravel":26,"minecraft:feather":1,"minecraft:cobblestone":29,"minecraft:clay_ball":20,"minecraft:granite":40,"minecraft:dirt":12,"minecraft:diorite":11,"minecraft:wooden_axe":1,"minecraft:wooden_pickaxe":1,"minecraft:stone_pickaxe":1,"minecraft:smooth_basalt":3},"minecraft:mined":{"minecraft:podzol":1,"minecraft:oak_door":2,"minecraft:amethyst_cluster":1,"minecraft:dark_oak_log":3,"minecraft:clay":5,"minecraft:crafting_table":12,"minecraft:granite":99,"minecraft:calcite":7,"minecraft:grass_block":7,"minecraft:melon":8,"minecraft:jungle_log":10,"minecraft:brown_mushroom_block":28,"minecraft:copper_ore":3,"minecraft:cobblestone":17,"minecraft:lapis_ore":6,"minecraft:sugar_cane":2,"minecraft:diorite":51,"minecraft:mangrove_propagule":2,"minecraft:amethyst_block":4,"minecraft:furnace":2,"minecraft:iron_ore":88,"minecraft:andesite":66,"minecraft:grass":11,"minecraft:oak_log":25,"minecraft:coal_ore":10,"minecraft:vine":3,"minecraft:small_amethyst_bud":1,"minecraft:gravel":56,"minecraft:dirt":39,"minecraft:smooth_basalt":3,"minecraft:bamboo":16,"minecraft:red_mushroom_block":41,"minecraft:stone":1003,"minecraft:gold_ore":8,"minecraft:oak_leaves":8,"minecraft:fern":6},"minecraft:killed_by":{"minecraft:creeper":1},"minecraft:killed":{"minecraft:spider":1,"minecraft:creeper":1,"minecraft:sheep":3,"minecraft:zombie":4,"minecraft:chicken":8,"minecraft:cow":3},"minecraft:custom":{"minecraft:interact_with_furnace":10,"minecraft:mob_kills":20,"minecraft:interact_with_crafting_table":25,"minecraft:time_since_death":33391,"minecraft:climb_one_cm":1754,"minecraft:time_since_rest":33415,"minecraft:sprint_one_cm":93164,"minecraft:walk_one_cm":75019,"minecraft:damage_taken":1220,"minecraft:drop":13,"minecraft:damage_dealt":2012,"minecraft:swim_one_cm":87708,"minecraft:fly_one_cm":141639,"minecraft:crouch_one_cm":60370,"minecraft:play_time":70113,"minecraft:deaths":3,"minecraft:sneak_time":16681,"minecraft:walk_under_water_one_cm":47444,"minecraft:boat_one_cm":78367,"minecraft:jump":812,"minecraft:walk_on_water_one_cm":28489,"minecraft:total_world_time":70113,"minecraft:fall_one_cm":22915},"minecraft:used":{"minecraft:stone_sword":34,"minecraft:stone_shovel":85,"minecraft:stone_pickaxe":747,"minecraft:wooden_pickaxe":14,"minecraft:oak_door":7,"minecraft:dirt":20,"minecraft:crafting_table":14,"minecraft:mushroom_stew":4,"minecraft:oak_log":3,"minecraft:wooden_axe":7,"minecraft:melon_slice":5,"minecraft:iron_pickaxe":625,"minecraft:stone_axe":129,"minecraft:cobblestone":57,"minecraft:furnace":3,"minecraft:oak_boat":1},"minecraft:crafted":{"minecraft:oak_door":6,"minecraft:oak_planks":88,"minecraft:stone_shovel":2,"minecraft:crafting_table":4,"minecraft:wooden_pickaxe":3,"minecraft:bowl":4,"minecraft:furnace":4,"minecraft:mushroom_stew":4,"minecraft:stone_axe":2,"minecraft:air":0,"minecraft:jungle_planks":40,"minecraft:bamboo_block":2,"minecraft:oak_boat":1,"minecraft:bamboo_planks":4,"minecraft:charcoal":1,"minecraft:stick":60,"minecraft:iron_ingot":30,"minecraft:iron_pickaxe":4,"minecraft:stone_pickaxe":7,"minecraft:wooden_axe":1,"minecraft:stone_sword":2},"minecraft:broken":{"minecraft:stone_pickaxe":5,"minecraft:iron_pickaxe":2}},"DataVersion":3465}