{"stats":{"minecraft:killed":{"minecraft:giant":1,"minecraft:slime":1,"minecraft:sheep":4},"minecraft:custom":{"minecraft:interact_with_furnace":2,"minecraft:inspect_dropper":1,"minecraft:mob_kills":6,"minecraft:time_since_death":3685,"minecraft:climb_one_cm":635,"minecraft:time_since_rest":3712,"minecraft:sprint_one_cm":167069,"minecraft:walk_one_cm":147565,"minecraft:damage_taken":3021,"minecraft:drop":57,"minecraft:damage_dealt":994,"minecraft:talked_to_villager":1,"minecraft:fly_one_cm":249304,"minecraft:player_kills":1,"minecraft:open_chest":9,"minecraft:crouch_one_cm":7495,"minecraft:play_time":47741,"minecraft:deaths":10,"minecraft:sneak_time":3073,"minecraft:walk_under_water_one_cm":357,"minecraft:jump":1292,"minecraft:total_world_time":47741,"minecraft:fall_one_cm":49159,"minecraft:horse_one_cm":173893},"minecraft:dropped":{"minecraft:iron_ingot":2,"minecraft:clock":1,"minecraft:lapis_lazuli":1,"minecraft:player_head":1,"minecraft:diamond":2,"minecraft:sandstone_stairs":1,"minecraft:poisonous_potato":21,"minecraft:prismarine_shard":34,"minecraft:feather":1,"minecraft:prismarine_crystals":43,"minecraft:book":1,"minecraft:slime_block":7,"minecraft:emerald":5,"minecraft:filled_map":1,"minecraft:leather_chestplate":1,"minecraft:potato":5,"minecraft:spruce_trapdoor":4,"minecraft:mutton":3,"minecraft:leather_boots":1,"minecraft:leather_leggings":1,"minecraft:spider_eye":3,"minecraft:bone":3,"minecraft:gold_ingot":1},"minecraft:used":{"minecraft:iron_shovel":3,"minecraft:armor_stand":1,"minecraft:prismarine":13,"minecraft:baked_potato":5,"minecraft:blue_wool":1,"minecraft:player_head":2,"minecraft:cooked_chicken":1,"minecraft:white_wool":1,"minecraft:mutton":2,"minecraft:orange_wool":1,"minecraft:iron_hoe":2,"minecraft:sea_lantern":5,"minecraft:slime_block":25,"minecraft:quartz_block":6,"minecraft:green_wool":3,"minecraft:blue_banner":5,"minecraft:magenta_wool":4,"minecraft:pumpkin_pie":1,"minecraft:potato":2,"minecraft:jukebox":1,"minecraft:iron_leggings":1},"minecraft:mined":{"minecraft:blue_wall_banner":5,"minecraft:player_wall_head":1,"minecraft:slime_block":34,"lucky:lucky_block":17,"minecraft:oak_leaves":5,"minecraft:green_wool":2,"minecraft:magenta_wool":3},"minecraft:picked_up":{"minecraft:enchanting_table":1,"minecraft:clock":1,"minecraft:music_disc_strad":1,"minecraft:leather_chestplate":1,"minecraft:feather":1,"minecraft:splash_potion":1,"minecraft:ender_chest":4,"minecraft:prismarine_shard":34,"minecraft:leather_leggings":1,"minecraft:potato":69,"minecraft:filled_map":1,"minecraft:golden_sword":1,"minecraft:lapis_lazuli":1,"minecraft:leather_boots":1,"minecraft:armor_stand":1,"minecraft:iron_shovel":1,"minecraft:bone":3,"minecraft:magenta_wool":4,"minecraft:iron_ingot":1,"minecraft:cooked_chicken":1,"minecraft:player_head":4,"minecraft:poppy":1,"minecraft:prismarine":44,"minecraft:spruce_trapdoor":4,"minecraft:book":1,"minecraft:blue_wool":1,"minecraft:stick":1,"minecraft:jukebox":1,"minecraft:music_disc_mellohi":1,"minecraft:poisonous_potato":24,"minecraft:spider_eye":3,"minecraft:dragon_egg":1,"minecraft:sea_lantern":14,"minecraft:red_terracotta":11,"minecraft:prismarine_crystals":43,"minecraft:orange_wool":1,"minecraft:quartz_block":9,"minecraft:iron_hoe":1,"minecraft:rotten_flesh":2,"minecraft:diamond":12,"minecraft:slime_block":32,"minecraft:pumpkin_pie":9,"minecraft:sandstone_stairs":1,"minecraft:green_wool":3,"minecraft:saddle":2,"minecraft:gold_ingot":10,"minecraft:emerald":5,"minecraft:baked_potato":20,"minecraft:blue_banner":6,"minecraft:mutton":5,"minecraft:white_wool":1},"minecraft:killed_by":{"minecraft:player":3,"minecraft:zombie":1}},"DataVersion":3465}