{"stats":{"minecraft:killed":{"minecraft:giant":1,"minecraft:slime":1,"minecraft:magma_cube":3,"minecraft:wolf":4,"minecraft:rabbit":2,"minecraft:sheep":4},"minecraft:crafted":{"minecraft:diamond":18,"minecraft:diamond_helmet":1,"minecraft:diamond_leggings":1,"minecraft:diamond_boots":1,"minecraft:diamond_sword":1,"minecraft:diamond_axe":1,"minecraft:air":0,"minecraft:iron_pickaxe":1,"minecraft:lapis_lazuli":9},"minecraft:custom":{"minecraft:inspect_dropper":1,"minecraft:mob_kills":15,"minecraft:interact_with_crafting_table":5,"minecraft:time_since_death":2342,"minecraft:climb_one_cm":635,"minecraft:sprint_one_cm":283594,"minecraft:walk_one_cm":268117,"minecraft:drop":192,"minecraft:play_noteblock":1,"minecraft:talked_to_villager":4,"minecraft:play_time":83741,"minecraft:deaths":14,"minecraft:sneak_time":3997,"minecraft:walk_under_water_one_cm":357,"minecraft:jump":2244,"minecraft:enchant_item":3,"minecraft:total_world_time":83741,"minecraft:interact_with_furnace":2,"minecraft:traded_with_villager":1,"minecraft:tune_noteblock":20,"minecraft:time_since_rest":2368,"minecraft:open_enderchest":1,"minecraft:damage_taken":5650,"minecraft:damage_dealt":1814,"minecraft:fly_one_cm":442240,"minecraft:player_kills":1,"minecraft:open_chest":19,"minecraft:crouch_one_cm":10070,"minecraft:fall_one_cm":87011,"minecraft:horse_one_cm":180013},"minecraft:dropped":{"minecraft:enchanted_book":1,"minecraft:iron_ingot":2,"minecraft:purple_terracotta":1,"minecraft:porkchop":3,"minecraft:piston":4,"minecraft:lapis_lazuli":1,"minecraft:clock":1,"minecraft:oak_pressure_plate":1,"minecraft:diamond":12,"lucky:lucky_block":3,"minecraft:sandstone_stairs":8,"minecraft:poisonous_potato":21,"minecraft:prismarine_shard":34,"minecraft:feather":1,"minecraft:prismarine_crystals":48,"minecraft:book":1,"minecraft:red_wool":1,"minecraft:leather_helmet":1,"minecraft:light_weighted_pressure_plate":1,"minecraft:emerald":5,"minecraft:oxeye_daisy":8,"minecraft:cyan_terracotta":1,"minecraft:diamond_horse_armor":1,"minecraft:redstone_lamp":4,"minecraft:iron_trapdoor":2,"minecraft:mutton":3,"minecraft:rabbit":2,"minecraft:iron_door":1,"minecraft:wooden_sword":2,"minecraft:music_disc_strad":1,"minecraft:bone_meal":8,"minecraft:sugar":1,"minecraft:glistering_melon_slice":4,"minecraft:iron_shovel":1,"minecraft:fermented_spider_eye":6,"minecraft:tripwire_hook":1,"minecraft:dandelion":3,"minecraft:gold_ingot":1,"minecraft:bone":4,"minecraft:pink_tulip":6,"minecraft:blue_terracotta":1,"minecraft:lever":3,"minecraft:player_head":1,"minecraft:nether_wart":2,"minecraft:rotten_flesh":6,"minecraft:iron_hoe":2,"minecraft:comparator":3,"minecraft:diamond_shovel":1,"minecraft:slime_block":8,"minecraft:ender_eye":3,"minecraft:golden_shovel":1,"minecraft:azure_bluet":8,"minecraft:red_terracotta":2,"minecraft:rabbit_foot":2,"minecraft:filled_map":1,"minecraft:sea_lantern":5,"minecraft:poppy":15,"minecraft:rabbit_hide":2,"minecraft:oak_fence_gate":1,"minecraft:leather_chestplate":1,"minecraft:potato":5,"minecraft:gray_terracotta":2,"minecraft:oak_button":2,"minecraft:allium":10,"minecraft:heavy_weighted_pressure_plate":1,"minecraft:spruce_trapdoor":4,"minecraft:skeleton_skull":1,"minecraft:quartz_block":14,"minecraft:hopper":4,"minecraft:leather_boots":1,"minecraft:golden_sword":2,"minecraft:leather_leggings":2,"minecraft:redstone_torch":8,"minecraft:spider_eye":5,"minecraft:rabbit_stew":6,"minecraft:painting":4,"minecraft:slime_ball":4,"minecraft:blue_orchid":4,"minecraft:wooden_pickaxe":1,"minecraft:music_disc_mellohi":1,"minecraft:magma_cream":2,"minecraft:ghast_tear":2,"minecraft:quartz":20},"minecraft:used":{"minecraft:stone_sword":22,"minecraft:iron_shovel":7,"minecraft:tropical_fish":1,"minecraft:armor_stand":1,"minecraft:ender_chest":1,"minecraft:quartz_stairs":1,"minecraft:player_head":4,"minecraft:cooked_chicken":1,"minecraft:mutton":2,"minecraft:nether_quartz_ore":4,"minecraft:orange_wool":1,"minecraft:iron_hoe":2,"minecraft:sea_lantern":9,"minecraft:quartz_slab":3,"minecraft:red_wool":1,"lucky:lucky_block":8,"minecraft:slime_block":25,"minecraft:green_wool":3,"minecraft:quartz_block":19,"minecraft:blue_banner":6,"minecraft:repeater":8,"minecraft:magenta_wool":4,"minecraft:gold_block":1,"minecraft:stone_pressure_plate":2,"minecraft:potato":2,"lucky:lucky_potion":2,"minecraft:iron_leggings":1,"minecraft:prismarine":44,"minecraft:baked_potato":20,"minecraft:blue_wool":1,"minecraft:oak_leaves":5,"minecraft:white_wool":1,"minecraft:comparator":1,"minecraft:yellow_terracotta":17,"minecraft:note_block":2,"minecraft:painting":23,"minecraft:lever":3,"minecraft:diamond_shovel":20,"minecraft:daylight_detector":1,"minecraft:bread":1,"minecraft:iron_pickaxe":11,"minecraft:red_terracotta":11,"minecraft:pumpkin_pie":1,"minecraft:jukebox":1},"minecraft:mined":{"minecraft:sea_lantern":2,"minecraft:lever":1,"minecraft:fire":4,"minecraft:diamond_block":2,"minecraft:gold_block":1,"lucky:lucky_block":58,"minecraft:green_wool":2,"minecraft:blue_wall_banner":5,"minecraft:player_wall_head":1,"minecraft:note_block":1,"minecraft:slime_block":38,"minecraft:light_blue_terracotta":7,"minecraft:magenta_wool":3,"minecraft:oak_leaves":10},"minecraft:picked_up":{"minecraft:rabbit_stew":6,"minecraft:music_disc_strad":1,"minecraft:azure_bluet":8,"minecraft:allium":10,"minecraft:nether_wart":2,"minecraft:splash_potion":1,"minecraft:ender_chest":4,"minecraft:iron_trapdoor":2,"minecraft:prismarine_shard":34,"minecraft:redstone_lamp":4,"minecraft:leather_leggings":2,"minecraft:wooden_pickaxe":1,"minecraft:gold_block":1,"minecraft:enchanted_book":1,"minecraft:golden_shovel":1,"minecraft:diamond_horse_armor":2,"minecraft:golden_sword":2,"minecraft:heavy_weighted_pressure_plate":1,"minecraft:lapis_block":1,"lucky:lucky_potion":2,"minecraft:wooden_sword":2,"minecraft:quartz_slab":3,"minecraft:armor_stand":1,"minecraft:iron_shovel":2,"minecraft:magenta_wool":4,"minecraft:blue_orchid":4,"minecraft:gold_nugget":4,"lucky:lucky_sword":1,"minecraft:comparator":4,"minecraft:light_weighted_pressure_plate":1,"minecraft:redstone_torch":8,"minecraft:player_head":6,"minecraft:ender_eye":3,"minecraft:poppy":15,"minecraft:quartz_stairs":1,"minecraft:piston":4,"minecraft:spruce_trapdoor":4,"minecraft:blue_wool":1,"minecraft:stick":9,"minecraft:jukebox":1,"minecraft:music_disc_mellohi":1,"minecraft:note_block":2,"minecraft:porkchop":3,"minecraft:prismarine_crystals":48,"minecraft:rabbit_foot":5,"minecraft:stone_pressure_plate":2,"minecraft:purple_terracotta":1,"minecraft:quartz_block":33,"minecraft:arrow":2,"minecraft:rotten_flesh":6,"minecraft:stone_sword":1,"minecraft:diamond_chestplate":1,"minecraft:tropical_fish":1,"minecraft:pumpkin_pie":9,"minecraft:sandstone_stairs":8,"minecraft:cyan_terracotta":1,"minecraft:yellow_terracotta":17,"minecraft:pink_tulip":6,"minecraft:gold_ingot":35,"minecraft:saddle":3,"minecraft:green_wool":3,"minecraft:glistering_melon_slice":4,"minecraft:blaze_rod":2,"minecraft:white_wool":1,"minecraft:mutton":5,"minecraft:skeleton_skull":1,"minecraft:blaze_powder":3,"minecraft:oxeye_daisy":8,"minecraft:enchanting_table":1,"minecraft:leather_chestplate":1,"minecraft:feather":1,"minecraft:clock":1,"minecraft:magma_cream":2,"minecraft:repeater":8,"minecraft:iron_door":1,"minecraft:tripwire_hook":1,"minecraft:potato":69,"minecraft:filled_map":1,"lucky:lucky_block":11,"minecraft:lapis_lazuli":26,"lucky:lucky_bow":1,"minecraft:leather_boots":1,"minecraft:bone":9,"minecraft:gray_terracotta":2,"minecraft:rabbit_hide":2,"minecraft:iron_ingot":25,"minecraft:oak_fence_gate":1,"minecraft:cooked_chicken":1,"minecraft:rabbit":2,"minecraft:prismarine":44,"minecraft:iron_sword":1,"minecraft:nether_quartz_ore":9,"minecraft:book":1,"minecraft:ghast_tear":3,"minecraft:daylight_detector":1,"minecraft:red_wool":2,"minecraft:quartz":20,"minecraft:dandelion":3,"minecraft:oak_pressure_plate":1,"minecraft:poisonous_potato":24,"minecraft:diamond_block":2,"minecraft:fermented_spider_eye":6,"minecraft:orange_wool":1,"minecraft:red_terracotta":13,"minecraft:sea_lantern":14,"minecraft:spider_eye":5,"minecraft:dragon_egg":1,"minecraft:leather_helmet":2,"minecraft:iron_hoe":2,"minecraft:diamond_shovel":2,"minecraft:blue_terracotta":1,"minecraft:sugar":1,"minecraft:slime_ball":4,"minecraft:light_blue_terracotta":5,"minecraft:diamond":33,"minecraft:slime_block":35,"minecraft:lever":6,"minecraft:painting":27,"minecraft:bone_meal":8,"minecraft:golden_horse_armor":1,"minecraft:emerald":54,"minecraft:oak_button":2,"minecraft:blue_banner":6,"minecraft:baked_potato":20,"minecraft:oak_leaves":5,"minecraft:hopper":8,"minecraft:ender_pearl":2},"minecraft:killed_by":{"minecraft:player":3,"minecraft:creeper":1,"minecraft:zombie":1}},"DataVersion":3465}