{"stats":{"minecraft:custom":{"minecraft:jump":366,"minecraft:time_since_rest":1362,"minecraft:interact_with_furnace":2,"minecraft:damage_dealt":30,"minecraft:crouch_one_cm":1449,"minecraft:deaths":2,"minecraft:sprint_one_cm":41542,"minecraft:play_time":11741,"minecraft:damage_taken":499,"minecraft:time_since_death":1320,"minecraft:walk_one_cm":26554,"minecraft:sneak_time":1275,"minecraft:climb_one_cm":635,"minecraft:total_world_time":11741,"minecraft:drop":1,"minecraft:fall_one_cm":11336,"minecraft:fly_one_cm":76907,"minecraft:open_chest":7},"minecraft:dropped":{"minecraft:player_head":1},"minecraft:used":{"minecraft:player_head":1},"minecraft:mined":{"minecraft:player_wall_head":1},"minecraft:picked_up":{"minecraft:player_head":2}},"DataVersion":3465}