{"stats":{"minecraft:picked_up":{"minecraft:crafting_table":4,"minecraft:feather":6,"minecraft:chicken":7,"minecraft:jungle_log":1,"minecraft:andesite":14,"minecraft:leather":3,"minecraft:flint":2,"minecraft:oak_log":19,"minecraft:dirt":11,"minecraft:raw_copper":2,"minecraft:raw_gold":8,"minecraft:beef":3,"minecraft:bamboo":62,"minecraft:melon_slice":44,"minecraft:furnace":1,"minecraft:raw_iron":38,"minecraft:oak_door":2,"minecraft:gravel":23,"minecraft:diorite":40,"minecraft:granite":41,"minecraft:mangrove_propagule":2,"minecraft:coal":9,"minecraft:cobblestone":398},"minecraft:mined":{"minecraft:podzol":1,"minecraft:oak_door":1,"minecraft:crafting_table":4,"minecraft:granite":41,"minecraft:grass_block":1,"minecraft:melon":8,"minecraft:jungle_log":1,"minecraft:copper_ore":1,"minecraft:cobblestone":5,"minecraft:diorite":40,"minecraft:mangrove_propagule":2,"minecraft:furnace":1,"minecraft:iron_ore":34,"minecraft:andesite":14,"minecraft:grass":7,"minecraft:oak_log":19,"minecraft:coal_ore":9,"minecraft:gravel":25,"minecraft:dirt":9,"minecraft:bamboo":6,"minecraft:stone":397,"minecraft:gold_ore":8,"minecraft:oak_leaves":8,"minecraft:fern":5},"minecraft:killed":{"minecraft:chicken":7,"minecraft:cow":2},"minecraft:custom":{"minecraft:interact_with_furnace":6,"minecraft:mob_kills":9,"minecraft:interact_with_crafting_table":9,"minecraft:time_since_death":22113,"minecraft:climb_one_cm":805,"minecraft:time_since_rest":22113,"minecraft:sprint_one_cm":28839,"minecraft:walk_one_cm":22341,"minecraft:damage_taken":10,"minecraft:damage_dealt":480,"minecraft:swim_one_cm":15631,"minecraft:fly_one_cm":31835,"minecraft:crouch_one_cm":28678,"minecraft:play_time":22113,"minecraft:sneak_time":7259,"minecraft:walk_under_water_one_cm":13511,"minecraft:jump":252,"minecraft:walk_on_water_one_cm":5042,"minecraft:total_world_time":22113,"minecraft:fall_one_cm":5068},"minecraft:used":{"minecraft:stone_sword":20,"minecraft:stone_shovel":31,"minecraft:stone_pickaxe":304,"minecraft:wooden_pickaxe":6,"minecraft:oak_door":4,"minecraft:dirt":11,"minecraft:crafting_table":4,"minecraft:oak_log":3,"minecraft:iron_pickaxe":245,"minecraft:stone_axe":35,"minecraft:cobblestone":11,"minecraft:furnace":2},"minecraft:crafted":{"minecraft:oak_door":3,"minecraft:oak_planks":64,"minecraft:stone_shovel":1,"minecraft:crafting_table":1,"minecraft:wooden_pickaxe":1,"minecraft:furnace":2,"minecraft:stone_axe":1,"minecraft:air":0,"minecraft:jungle_planks":4,"minecraft:bamboo_block":2,"minecraft:bamboo_planks":4,"minecraft:stick":24,"minecraft:iron_ingot":6,"minecraft:iron_pickaxe":1,"minecraft:stone_pickaxe":3,"minecraft:stone_sword":1},"minecraft:broken":{"minecraft:stone_pickaxe":2}},"DataVersion":3465}