{"stats":{"minecraft:killed":{"minecraft:spider":1,"minecraft:endermite":1,"minecraft:slime":23,"minecraft:chicken":2,"minecraft:magma_cube":1,"minecraft:wolf":1,"minecraft:pig":6,"minecraft:sheep":1,"minecraft:zombie":3,"minecraft:villager":1},"minecraft:crafted":{"minecraft:oak_planks":4},"minecraft:custom":{"minecraft:inspect_dropper":2,"minecraft:mob_kills":53,"minecraft:time_since_death":6022,"minecraft:climb_one_cm":838,"minecraft:sprint_one_cm":156479,"minecraft:walk_one_cm":224910,"minecraft:drop":63,"minecraft:play_noteblock":7,"minecraft:play_time":70718,"minecraft:deaths":8,"minecraft:sneak_time":192,"minecraft:walk_under_water_one_cm":60,"minecraft:jump":1263,"minecraft:walk_on_water_one_cm":862,"minecraft:total_world_time":70718,"minecraft:tune_noteblock":9,"minecraft:time_since_rest":6047,"minecraft:damage_taken":3809,"minecraft:damage_absorbed":76,"minecraft:damage_dealt":4371,"minecraft:interact_with_beacon":1,"minecraft:fly_one_cm":263998,"minecraft:player_kills":4,"minecraft:open_chest":3,"minecraft:crouch_one_cm":607,"minecraft:fall_one_cm":60937},"minecraft:dropped":{"minecraft:iron_ingot":15,"minecraft:golden_horse_armor":2,"minecraft:sandstone_stairs":7,"minecraft:poisonous_potato":12,"minecraft:yellow_terracotta":4,"minecraft:prismarine_crystals":6,"minecraft:book":5,"lucky:lucky_potion":4,"minecraft:iron_horse_armor":1,"minecraft:saddle":1,"minecraft:leather_helmet":1,"minecraft:stick":1,"minecraft:pufferfish":14,"minecraft:lava_bucket":1,"minecraft:diamond_horse_armor":1,"minecraft:stone_button":2,"minecraft:music_disc_strad":1,"minecraft:gold_nugget":1,"minecraft:bone_meal":4,"minecraft:string":3,"minecraft:bucket":3,"minecraft:bone":4,"minecraft:emerald_block":2,"minecraft:oak_trapdoor":2,"minecraft:player_head":1,"minecraft:sticky_piston":4,"minecraft:rotten_flesh":7,"minecraft:slime_block":24,"minecraft:golden_shovel":1,"minecraft:white_terracotta":9,"minecraft:oak_sign":1,"minecraft:poppy":2,"minecraft:leather_chestplate":2,"minecraft:cyan_wool":3,"minecraft:spruce_trapdoor":6,"minecraft:dropper":4,"minecraft:quartz_block":7,"minecraft:quartz_stairs":14,"minecraft:blue_banner":1,"minecraft:leather_boots":2,"minecraft:leather_leggings":1,"minecraft:stone_pickaxe":2,"minecraft:music_disc_mellohi":2,"minecraft:quartz":40},"minecraft:used":{"minecraft:tropical_fish":4,"minecraft:player_head":2,"minecraft:milk_bucket":1,"minecraft:lava_bucket":3,"minecraft:slime_block":4,"minecraft:diamond_chestplate":1,"lucky:lucky_potion":7,"minecraft:cooked_mutton":7,"minecraft:water_bucket":4,"minecraft:dropper":6,"minecraft:stone_pickaxe":5,"minecraft:baked_potato":6,"minecraft:oak_planks":4,"minecraft:beacon":1,"minecraft:salmon":2,"minecraft:sponge":1,"minecraft:painting":4,"minecraft:spruce_trapdoor":1,"minecraft:diamond_sword":105,"minecraft:red_banner":3,"minecraft:bucket":7,"minecraft:pumpkin_pie":7},"minecraft:mined":{"minecraft:spruce_trapdoor":2,"minecraft:white_stained_glass":4,"minecraft:sandstone":1,"minecraft:sandstone_stairs":1,"minecraft:fire":2,"minecraft:wet_sponge":1,"lucky:lucky_block":37,"minecraft:player_head":1,"minecraft:blue_banner":1,"minecraft:quartz_block":1,"minecraft:player_wall_head":1,"minecraft:glass":1,"minecraft:slime_block":11,"minecraft:light_blue_terracotta":1,"minecraft:red_wall_banner":3,"minecraft:oak_log":1,"minecraft:oak_leaves":1},"minecraft:broken":{"minecraft:leather_leggings":1,"minecraft:leather_boots":1},"minecraft:picked_up":{"minecraft:iron_chestplate":1,"minecraft:music_disc_strad":1,"minecraft:splash_potion":1,"minecraft:leather_leggings":2,"minecraft:diamond_sword":1,"minecraft:potion":1,"minecraft:golden_shovel":1,"minecraft:diamond_horse_armor":1,"minecraft:string":3,"minecraft:oak_trapdoor":2,"lucky:lucky_potion":11,"minecraft:sticky_piston":4,"minecraft:pufferfish":14,"minecraft:oak_sign":1,"lucky:lucky_sword":1,"minecraft:bucket":5,"minecraft:player_head":4,"minecraft:cyan_wool":3,"minecraft:poppy":2,"minecraft:quartz_stairs":14,"minecraft:iron_boots":1,"minecraft:spruce_trapdoor":7,"minecraft:stick":1,"minecraft:music_disc_mellohi":2,"minecraft:porkchop":2,"minecraft:stone_button":2,"minecraft:carrot":1,"minecraft:redstone":44,"minecraft:prismarine_crystals":6,"minecraft:iron_horse_armor":1,"minecraft:quartz_block":7,"minecraft:arrow":4,"minecraft:diamond_chestplate":1,"minecraft:rotten_flesh":10,"minecraft:tropical_fish":4,"minecraft:pumpkin_pie":7,"minecraft:sandstone_stairs":7,"minecraft:yellow_terracotta":4,"minecraft:saddle":1,"minecraft:gold_ingot":10,"minecraft:white_terracotta":9,"minecraft:wet_sponge":1,"minecraft:sponge":2,"minecraft:leather_chestplate":2,"minecraft:feather":1,"minecraft:salmon":2,"minecraft:water_bucket":1,"minecraft:tripwire_hook":2,"minecraft:beacon":1,"minecraft:potato":81,"minecraft:oak_log":1,"minecraft:lapis_lazuli":15,"lucky:lucky_bow":1,"minecraft:leather_boots":3,"minecraft:cooked_mutton":7,"minecraft:bone":4,"minecraft:iron_ingot":15,"minecraft:rabbit_hide":1,"minecraft:stone_pickaxe":3,"minecraft:cooked_chicken":1,"minecraft:rabbit":6,"minecraft:book":5,"minecraft:milk_bucket":1,"minecraft:emerald_block":2,"minecraft:quartz":40,"minecraft:dandelion":11,"minecraft:poisonous_potato":30,"minecraft:lava_bucket":2,"minecraft:dropper":10,"minecraft:red_banner":3,"minecraft:leather_helmet":1,"minecraft:iron_hoe":1,"minecraft:slime_ball":1,"minecraft:diamond":16,"minecraft:slime_block":28,"minecraft:painting":4,"minecraft:bone_meal":4,"minecraft:golden_horse_armor":2,"minecraft:emerald":15,"minecraft:blue_banner":1,"minecraft:baked_potato":61},"minecraft:killed_by":{"minecraft:creeper":1,"minecraft:skeleton":1}},"DataVersion":3465}