{"stat.chestOpened":6,"stat.walkOneCm":92531,"stat.useItem.minecraft.bread":2,"stat.drop.minecraft.wheat":5,"stat.leaveGame":5,"stat.useItem.minecraft.apple":11,"stat.useItem.minecraft.mutton":2,"stat.jump":781,"stat.swimOneCm":1374,"stat.fallOneCm":15833,"stat.climbOneCm":2654,"stat.craftItem.minecraft.bread":4,"stat.pickup.minecraft.hay_block":1,"stat.sprintOneCm":75173,"stat.craftingTableInteraction":1,"stat.useItem.minecraft.egg":2,"stat.damageTaken":677,"stat.mobKills":2,"stat.flyOneCm":120382,"stat.deaths":1,"stat.pickup.minecraft.wheat_seeds":41,"stat.drop":17,"stat.pickup.minecraft.egg":2,"stat.playOneMinute":70112,"stat.drop.minecraft.wheat_seeds":13,"stat.killEntity.Sheep":2,"stat.sneakTime":223,"stat.pickup.minecraft.wool":2,"stat.damageDealt":330,"stat.timeSinceDeath":37039,"stat.pickup.minecraft.mutton":2,"stat.diveOneCm":7434,"stat.pickup.minecraft.wheat":21}