{"stat.chestOpened":7,"stat.walkOneCm":141394,"stat.useItem.minecraft.bread":2,"stat.drop.minecraft.wheat":5,"stat.leaveGame":5,"stat.useItem.minecraft.apple":13,"stat.minecartOneCm":330,"stat.useItem.minecraft.mutton":2,"stat.jump":1033,"stat.swimOneCm":2130,"stat.fallOneCm":25540,"stat.climbOneCm":5571,"stat.craftItem.minecraft.bread":4,"stat.pickup.minecraft.hay_block":1,"stat.sprintOneCm":107761,"stat.craftingTableInteraction":1,"stat.useItem.minecraft.egg":2,"stat.damageTaken":1007,"stat.mobKills":2,"stat.flyOneCm":162868,"stat.deaths":2,"stat.pickup.minecraft.wheat_seeds":45,"stat.drop":17,"stat.pickup.minecraft.egg":2,"stat.playOneMinute":108121,"stat.drop.minecraft.wheat_seeds":13,"stat.killEntity.Sheep":2,"stat.sneakTime":278,"stat.pickup.minecraft.wool":2,"stat.damageDealt":380,"stat.timeSinceDeath":20515,"stat.pickup.minecraft.mutton":2,"stat.diveOneCm":8639,"stat.pickup.minecraft.wheat":27}