{"stat.chestOpened":2,"stat.walkOneCm":57948,"stat.useItem.minecraft.bread":2,"stat.drop.minecraft.wheat":5,"stat.useItem.minecraft.egg":1,"stat.leaveGame":3,"stat.damageTaken":407,"stat.useItem.minecraft.apple":1,"stat.mobKills":2,"stat.flyOneCm":82534,"stat.deaths":1,"stat.useItem.minecraft.mutton":2,"stat.pickup.minecraft.wheat_seeds":41,"stat.drop":17,"stat.jump":484,"stat.pickup.minecraft.egg":1,"stat.swimOneCm":38,"stat.playOneMinute":38535,"stat.fallOneCm":10330,"stat.drop.minecraft.wheat_seeds":13,"stat.climbOneCm":271,"stat.killEntity.Sheep":2,"stat.sneakTime":62,"stat.pickup.minecraft.wool":2,"stat.damageDealt":220,"stat.craftItem.minecraft.bread":4,"stat.timeSinceDeath":5462,"stat.sprintOneCm":47711,"stat.pickup.minecraft.mutton":2,"stat.pickup.minecraft.wheat":21,"stat.craftingTableInteraction":1}