{"stats":{"minecraft:crafted":{"minecraft:oak_planks":4},"minecraft:custom":{"minecraft:time_since_rest":6736,"minecraft:sprint_one_cm":53752,"minecraft:inspect_dropper":1,"minecraft:damage_taken":1373,"minecraft:walk_one_cm":72427,"minecraft:drop":2,"minecraft:damage_dealt":302,"minecraft:fly_one_cm":73978,"minecraft:crouch_one_cm":607,"minecraft:play_time":22718,"minecraft:deaths":5,"minecraft:sneak_time":182,"minecraft:jump":334,"minecraft:time_since_death":6704,"minecraft:climb_one_cm":838,"minecraft:total_world_time":22718,"minecraft:fall_one_cm":15808},"minecraft:dropped":{"minecraft:spruce_trapdoor":1,"minecraft:blue_banner":1},"minecraft:used":{"minecraft:dropper":2,"minecraft:tropical_fish":4,"minecraft:oak_planks":4,"minecraft:spruce_trapdoor":1,"minecraft:player_head":2,"minecraft:diamond_chestplate":1,"minecraft:salmon":2,"minecraft:red_banner":3},"minecraft:mined":{"minecraft:blue_banner":1,"minecraft:player_wall_head":1,"minecraft:red_wall_banner":3,"minecraft:spruce_trapdoor":2,"minecraft:oak_log":1,"minecraft:white_stained_glass":4,"lucky:lucky_block":3,"minecraft:player_head":1,"minecraft:oak_leaves":1},"minecraft:picked_up":{"minecraft:book":3,"minecraft:salmon":2,"minecraft:dropper":8,"minecraft:diamond_horse_armor":1,"minecraft:oak_log":1,"minecraft:red_banner":3,"minecraft:iron_horse_armor":1,"minecraft:pufferfish":6,"minecraft:diamond_chestplate":1,"minecraft:tropical_fish":4,"minecraft:player_head":2,"minecraft:golden_horse_armor":1,"minecraft:blue_banner":1,"minecraft:spruce_trapdoor":2}},"DataVersion":3465}