{"stat.chestOpened":6,"stat.walkOneCm":92205,"stat.useItem.minecraft.bread":2,"stat.drop.minecraft.wheat":5,"stat.useItem.minecraft.egg":2,"stat.leaveGame":3,"stat.damageTaken":667,"stat.useItem.minecraft.apple":11,"stat.mobKills":2,"stat.flyOneCm":120342,"stat.deaths":1,"stat.useItem.minecraft.mutton":2,"stat.pickup.minecraft.wheat_seeds":41,"stat.drop":17,"stat.jump":780,"stat.pickup.minecraft.egg":2,"stat.swimOneCm":1374,"stat.playOneMinute":64635,"stat.fallOneCm":15833,"stat.drop.minecraft.wheat_seeds":13,"stat.climbOneCm":2654,"stat.killEntity.Sheep":2,"stat.sneakTime":223,"stat.pickup.minecraft.wool":2,"stat.damageDealt":330,"stat.craftItem.minecraft.bread":4,"stat.pickup.minecraft.hay_block":1,"stat.timeSinceDeath":31562,"stat.sprintOneCm":75173,"stat.pickup.minecraft.mutton":2,"stat.diveOneCm":7434,"stat.pickup.minecraft.wheat":21,"stat.craftingTableInteraction":1}