{"stat.chestOpened":6,"stat.walkOneCm":109543,"stat.useItem.minecraft.bread":2,"stat.drop.minecraft.wheat":5,"stat.leaveGame":5,"stat.useItem.minecraft.apple":12,"stat.useItem.minecraft.mutton":2,"stat.jump":808,"stat.swimOneCm":1374,"stat.fallOneCm":16460,"stat.climbOneCm":2654,"stat.craftItem.minecraft.bread":4,"stat.pickup.minecraft.hay_block":1,"stat.sprintOneCm":78392,"stat.craftingTableInteraction":1,"stat.useItem.minecraft.egg":2,"stat.damageTaken":687,"stat.mobKills":2,"stat.flyOneCm":125112,"stat.deaths":1,"stat.pickup.minecraft.wheat_seeds":43,"stat.drop":17,"stat.pickup.minecraft.egg":2,"stat.playOneMinute":82021,"stat.drop.minecraft.wheat_seeds":13,"stat.killEntity.Sheep":2,"stat.sneakTime":223,"stat.pickup.minecraft.wool":2,"stat.damageDealt":340,"stat.timeSinceDeath":48948,"stat.pickup.minecraft.mutton":2,"stat.diveOneCm":7434,"stat.pickup.minecraft.wheat":23}