{"stats":{"minecraft:killed":{"minecraft:spider":1,"minecraft:sheep":1,"minecraft:chicken":1,"minecraft:villager":1},"minecraft:crafted":{"minecraft:oak_planks":4},"minecraft:custom":{"minecraft:inspect_dropper":2,"minecraft:mob_kills":11,"minecraft:time_since_death":30704,"minecraft:climb_one_cm":838,"minecraft:time_since_rest":30736,"minecraft:sprint_one_cm":104659,"minecraft:damage_taken":1821,"minecraft:walk_one_cm":155955,"minecraft:drop":13,"minecraft:damage_dealt":1448,"minecraft:interact_with_beacon":1,"minecraft:fly_one_cm":137640,"minecraft:player_kills":2,"minecraft:open_chest":1,"minecraft:crouch_one_cm":607,"minecraft:play_time":46718,"minecraft:deaths":5,"minecraft:sneak_time":192,"minecraft:walk_under_water_one_cm":60,"minecraft:jump":735,"minecraft:walk_on_water_one_cm":741,"minecraft:total_world_time":46718,"minecraft:fall_one_cm":34228},"minecraft:dropped":{"minecraft:player_head":1,"minecraft:saddle":1,"minecraft:stick":1,"minecraft:pufferfish":7,"minecraft:lava_bucket":1,"minecraft:diamond_horse_armor":1,"minecraft:spruce_trapdoor":1,"minecraft:blue_banner":1,"minecraft:leather_boots":1,"minecraft:gold_nugget":1,"minecraft:stone_pickaxe":2,"minecraft:string":3},"minecraft:used":{"minecraft:cooked_mutton":1,"minecraft:dropper":6,"minecraft:tropical_fish":4,"minecraft:stone_pickaxe":1,"minecraft:baked_potato":5,"minecraft:oak_planks":4,"minecraft:beacon":1,"minecraft:player_head":2,"minecraft:salmon":2,"minecraft:sponge":1,"minecraft:milk_bucket":1,"minecraft:lava_bucket":2,"minecraft:slime_block":4,"minecraft:spruce_trapdoor":1,"minecraft:diamond_chestplate":1,"minecraft:diamond_sword":27,"minecraft:bucket":2,"minecraft:red_banner":3,"minecraft:pumpkin_pie":7},"minecraft:mined":{"minecraft:blue_banner":1,"minecraft:player_wall_head":1,"minecraft:spruce_trapdoor":2,"minecraft:white_stained_glass":4,"minecraft:glass":1,"minecraft:slime_block":7,"minecraft:red_wall_banner":3,"minecraft:oak_log":1,"minecraft:wet_sponge":1,"lucky:lucky_block":23,"minecraft:player_head":1,"minecraft:oak_leaves":1},"minecraft:picked_up":{"minecraft:sponge":1,"minecraft:leather_chestplate":1,"minecraft:water_bucket":1,"minecraft:salmon":2,"minecraft:leather_leggings":2,"minecraft:diamond_sword":1,"minecraft:beacon":1,"minecraft:potato":45,"minecraft:diamond_horse_armor":1,"minecraft:oak_log":1,"minecraft:lapis_lazuli":15,"minecraft:string":3,"minecraft:cooked_mutton":7,"minecraft:leather_boots":3,"minecraft:pufferfish":7,"minecraft:bone":2,"minecraft:oak_sign":1,"minecraft:bucket":2,"minecraft:iron_ingot":15,"minecraft:stone_pickaxe":3,"minecraft:cyan_wool":1,"minecraft:player_head":3,"minecraft:poppy":1,"minecraft:rabbit":1,"minecraft:spruce_trapdoor":7,"minecraft:book":5,"minecraft:stick":1,"minecraft:milk_bucket":1,"minecraft:poisonous_potato":12,"minecraft:dropper":8,"minecraft:lava_bucket":2,"minecraft:red_banner":3,"minecraft:prismarine_crystals":6,"minecraft:iron_horse_armor":1,"minecraft:leather_helmet":1,"minecraft:quartz_block":7,"minecraft:rotten_flesh":1,"minecraft:arrow":3,"minecraft:diamond_chestplate":1,"minecraft:diamond":16,"minecraft:tropical_fish":4,"minecraft:slime_block":18,"minecraft:pumpkin_pie":7,"minecraft:yellow_terracotta":2,"minecraft:golden_horse_armor":1,"minecraft:saddle":1,"minecraft:gold_ingot":10,"minecraft:emerald":15,"minecraft:blue_banner":1,"minecraft:white_terracotta":9,"minecraft:baked_potato":37,"minecraft:wet_sponge":1}},"DataVersion":3465}