{"stat.chestOpened":7,"stat.walkOneCm":156951,"stat.useItem.minecraft.bread":2,"stat.drop.minecraft.wheat":5,"stat.leaveGame":6,"stat.useItem.minecraft.apple":13,"stat.minecartOneCm":330,"stat.useItem.minecraft.mutton":2,"stat.jump":1065,"stat.swimOneCm":2130,"stat.fallOneCm":26431,"stat.climbOneCm":5571,"stat.craftItem.minecraft.bread":4,"stat.pickup.minecraft.hay_block":1,"stat.sprintOneCm":109995,"stat.craftingTableInteraction":1,"stat.useItem.minecraft.egg":2,"stat.damageTaken":1186,"stat.mobKills":2,"stat.flyOneCm":165678,"stat.deaths":3,"stat.pickup.minecraft.wheat_seeds":49,"stat.drop":17,"stat.pickup.minecraft.egg":2,"stat.playOneMinute":119041,"stat.drop.minecraft.wheat_seeds":13,"stat.killEntity.Sheep":2,"stat.sneakTime":278,"stat.pickup.minecraft.wool":2,"stat.damageDealt":420,"stat.timeSinceDeath":3750,"stat.pickup.minecraft.mutton":2,"stat.diveOneCm":8639,"stat.pickup.minecraft.wheat":30}