{"stats":{"minecraft:crafted":{"minecraft:oak_planks":4},"minecraft:custom":{"minecraft:time_since_rest":18736,"minecraft:sprint_one_cm":76478,"minecraft:inspect_dropper":2,"minecraft:damage_taken":1688,"minecraft:walk_one_cm":110138,"minecraft:drop":6,"minecraft:damage_dealt":485,"minecraft:interact_with_beacon":1,"minecraft:player_kills":1,"minecraft:fly_one_cm":103290,"minecraft:crouch_one_cm":607,"minecraft:play_time":34718,"minecraft:deaths":5,"minecraft:sneak_time":192,"minecraft:walk_under_water_one_cm":30,"minecraft:jump":539,"minecraft:walk_on_water_one_cm":22,"minecraft:time_since_death":18704,"minecraft:climb_one_cm":838,"minecraft:total_world_time":34718,"minecraft:fall_one_cm":24536},"minecraft:dropped":{"minecraft:diamond_horse_armor":1,"minecraft:spruce_trapdoor":1,"minecraft:blue_banner":1,"minecraft:stone_pickaxe":2,"minecraft:stick":1},"minecraft:used":{"minecraft:dropper":6,"minecraft:stone_pickaxe":1,"minecraft:tropical_fish":4,"minecraft:slime_block":4,"minecraft:baked_potato":2,"minecraft:oak_planks":4,"minecraft:spruce_trapdoor":1,"minecraft:beacon":1,"minecraft:player_head":2,"minecraft:diamond_chestplate":1,"minecraft:salmon":2,"minecraft:diamond_sword":2,"minecraft:red_banner":3,"minecraft:pumpkin_pie":7},"minecraft:mined":{"minecraft:blue_banner":1,"minecraft:player_wall_head":1,"minecraft:red_wall_banner":3,"minecraft:spruce_trapdoor":2,"minecraft:oak_log":1,"minecraft:white_stained_glass":4,"minecraft:slime_block":7,"lucky:lucky_block":12,"minecraft:player_head":1,"minecraft:oak_leaves":1},"minecraft:picked_up":{"minecraft:book":5,"minecraft:stick":1,"minecraft:leather_chestplate":1,"minecraft:salmon":2,"minecraft:leather_leggings":2,"minecraft:diamond_sword":1,"minecraft:beacon":1,"minecraft:poisonous_potato":8,"minecraft:potato":21,"minecraft:dropper":8,"minecraft:diamond_horse_armor":1,"minecraft:oak_log":1,"minecraft:red_banner":3,"minecraft:lapis_lazuli":15,"minecraft:iron_horse_armor":1,"minecraft:leather_helmet":1,"minecraft:quartz_block":2,"minecraft:leather_boots":1,"minecraft:pufferfish":7,"minecraft:diamond_chestplate":1,"minecraft:diamond":16,"minecraft:slime_block":18,"minecraft:tropical_fish":4,"minecraft:pumpkin_pie":7,"minecraft:saddle":1,"minecraft:white_terracotta":9,"minecraft:iron_ingot":15,"minecraft:stone_pickaxe":2,"minecraft:gold_ingot":10,"minecraft:player_head":2,"minecraft:golden_horse_armor":1,"minecraft:emerald":15,"minecraft:baked_potato":26,"minecraft:blue_banner":1,"minecraft:spruce_trapdoor":2}},"DataVersion":3465}