{"stats":{"minecraft:killed":{"minecraft:pig":6,"minecraft:spider":1,"minecraft:slime":23,"minecraft:sheep":1,"minecraft:chicken":1,"minecraft:villager":1},"minecraft:crafted":{"minecraft:oak_planks":4},"minecraft:custom":{"minecraft:inspect_dropper":2,"minecraft:mob_kills":42,"minecraft:time_since_death":6260,"minecraft:climb_one_cm":838,"minecraft:damage_absorbed":76,"minecraft:time_since_rest":6343,"minecraft:sprint_one_cm":124062,"minecraft:damage_taken":2811,"minecraft:walk_one_cm":193672,"minecraft:drop":48,"minecraft:damage_dealt":2834,"minecraft:interact_with_beacon":1,"minecraft:fly_one_cm":183254,"minecraft:player_kills":3,"minecraft:open_chest":2,"minecraft:crouch_one_cm":607,"minecraft:play_time":58718,"minecraft:deaths":7,"minecraft:sneak_time":192,"minecraft:walk_under_water_one_cm":60,"minecraft:jump":950,"minecraft:walk_on_water_one_cm":817,"minecraft:total_world_time":58718,"minecraft:fall_one_cm":44716},"minecraft:dropped":{"minecraft:iron_ingot":15,"minecraft:emerald_block":1,"minecraft:player_head":1,"minecraft:sandstone_stairs":7,"minecraft:poisonous_potato":12,"minecraft:yellow_terracotta":4,"minecraft:prismarine_crystals":6,"minecraft:rotten_flesh":7,"minecraft:book":5,"lucky:lucky_potion":4,"minecraft:saddle":1,"minecraft:oak_sign":1,"minecraft:leather_helmet":1,"minecraft:poppy":2,"minecraft:stick":1,"minecraft:pufferfish":7,"minecraft:lava_bucket":1,"minecraft:diamond_horse_armor":1,"minecraft:leather_chestplate":2,"minecraft:cyan_wool":2,"minecraft:spruce_trapdoor":6,"minecraft:dropper":4,"minecraft:quartz_block":7,"minecraft:quartz_stairs":14,"minecraft:blue_banner":1,"minecraft:leather_boots":2,"minecraft:leather_leggings":1,"minecraft:bone_meal":4,"minecraft:gold_nugget":1,"minecraft:stone_pickaxe":2,"minecraft:quartz":40,"minecraft:music_disc_mellohi":1,"minecraft:bucket":3,"minecraft:string":3},"minecraft:used":{"minecraft:cooked_mutton":3,"minecraft:water_bucket":3,"minecraft:dropper":6,"minecraft:tropical_fish":4,"minecraft:stone_pickaxe":5,"minecraft:baked_potato":5,"minecraft:oak_planks":4,"minecraft:beacon":1,"minecraft:player_head":2,"minecraft:salmon":2,"minecraft:sponge":1,"minecraft:painting":4,"minecraft:milk_bucket":1,"minecraft:lava_bucket":3,"minecraft:slime_block":4,"minecraft:spruce_trapdoor":1,"minecraft:diamond_chestplate":1,"minecraft:diamond_sword":69,"minecraft:bucket":6,"minecraft:red_banner":3,"minecraft:pumpkin_pie":7,"lucky:lucky_potion":7},"minecraft:mined":{"minecraft:blue_banner":1,"minecraft:quartz_block":1,"minecraft:player_wall_head":1,"minecraft:spruce_trapdoor":2,"minecraft:white_stained_glass":4,"minecraft:glass":1,"minecraft:slime_block":11,"minecraft:sandstone":1,"minecraft:sandstone_stairs":1,"minecraft:light_blue_terracotta":1,"minecraft:red_wall_banner":3,"minecraft:oak_log":1,"minecraft:wet_sponge":1,"lucky:lucky_block":29,"minecraft:player_head":1,"minecraft:oak_leaves":1},"minecraft:picked_up":{"minecraft:sponge":1,"minecraft:music_disc_strad":1,"minecraft:leather_chestplate":2,"minecraft:tripwire_hook":2,"minecraft:water_bucket":1,"minecraft:salmon":2,"minecraft:leather_leggings":2,"minecraft:diamond_sword":1,"minecraft:beacon":1,"minecraft:potato":48,"minecraft:golden_shovel":1,"minecraft:diamond_horse_armor":1,"minecraft:oak_log":1,"minecraft:oak_trapdoor":2,"minecraft:lapis_lazuli":15,"lucky:lucky_bow":1,"minecraft:string":3,"lucky:lucky_potion":11,"minecraft:sticky_piston":4,"minecraft:cooked_mutton":7,"minecraft:leather_boots":3,"minecraft:pufferfish":14,"minecraft:bone":4,"minecraft:oak_sign":1,"lucky:lucky_sword":1,"minecraft:bucket":5,"minecraft:iron_ingot":15,"minecraft:stone_pickaxe":3,"minecraft:cyan_wool":3,"minecraft:player_head":4,"minecraft:poppy":2,"minecraft:rabbit":1,"minecraft:quartz_stairs":14,"minecraft:spruce_trapdoor":7,"minecraft:book":5,"minecraft:stick":1,"minecraft:milk_bucket":1,"minecraft:emerald_block":2,"minecraft:quartz":40,"minecraft:music_disc_mellohi":2,"minecraft:poisonous_potato":12,"minecraft:dropper":10,"minecraft:lava_bucket":2,"minecraft:porkchop":2,"minecraft:carrot":1,"minecraft:stone_button":2,"minecraft:red_banner":3,"minecraft:redstone":44,"minecraft:prismarine_crystals":6,"minecraft:iron_horse_armor":1,"minecraft:leather_helmet":1,"minecraft:iron_hoe":1,"minecraft:quartz_block":7,"minecraft:rotten_flesh":7,"minecraft:arrow":3,"minecraft:diamond_chestplate":1,"minecraft:diamond":16,"minecraft:tropical_fish":4,"minecraft:slime_block":28,"minecraft:pumpkin_pie":7,"minecraft:bone_meal":4,"minecraft:sandstone_stairs":7,"minecraft:painting":4,"minecraft:yellow_terracotta":4,"minecraft:golden_horse_armor":1,"minecraft:saddle":1,"minecraft:gold_ingot":10,"minecraft:emerald":15,"minecraft:blue_banner":1,"minecraft:white_terracotta":9,"minecraft:baked_potato":37,"minecraft:wet_sponge":1},"minecraft:killed_by":{"minecraft:creeper":1}},"DataVersion":3465}