{"stat.chestOpened":7,"stat.walkOneCm":173477,"stat.useItem.minecraft.bread":2,"stat.drop.minecraft.wheat":5,"stat.leaveGame":7,"stat.useItem.minecraft.apple":13,"stat.minecartOneCm":330,"stat.useItem.minecraft.mutton":2,"stat.jump":1108,"stat.swimOneCm":3068,"stat.fallOneCm":28593,"stat.climbOneCm":5571,"stat.craftItem.minecraft.bread":4,"stat.pickup.minecraft.hay_block":1,"stat.crouchOneCm":85,"stat.sprintOneCm":114126,"stat.craftingTableInteraction":1,"stat.useItem.minecraft.egg":2,"stat.damageTaken":2036,"stat.mobKills":2,"stat.flyOneCm":175045,"stat.deaths":6,"stat.pickup.minecraft.wheat_seeds":49,"stat.drop":17,"stat.pickup.minecraft.egg":2,"stat.playOneMinute":128992,"stat.drop.minecraft.wheat_seeds":13,"stat.pickup.minecraft.stone_button":1,"stat.killEntity.Sheep":2,"stat.sneakTime":346,"stat.pickup.minecraft.wool":2,"stat.damageDealt":420,"stat.timeSinceDeath":92,"stat.pickup.minecraft.mutton":2,"stat.diveOneCm":8711,"stat.pickup.minecraft.wheat":30}