{"stats":{"minecraft:crafted":{"minecraft:oak_planks":4},"minecraft:custom":{"minecraft:time_since_rest":4782,"minecraft:crouch_one_cm":607,"minecraft:walk_one_cm":26816,"minecraft:play_time":10718,"minecraft:sprint_one_cm":22892,"minecraft:damage_taken":490,"minecraft:deaths":2,"minecraft:sneak_time":159,"minecraft:drop":1,"minecraft:jump":136,"minecraft:time_since_death":4751,"minecraft:total_world_time":10718,"minecraft:climb_one_cm":838,"minecraft:fly_one_cm":27413,"minecraft:fall_one_cm":6557},"minecraft:dropped":{"minecraft:spruce_trapdoor":1},"minecraft:used":{"minecraft:red_banner":2,"minecraft:oak_planks":4,"minecraft:spruce_trapdoor":1,"minecraft:player_head":1},"minecraft:mined":{"minecraft:oak_log":1,"minecraft:white_stained_glass":4,"minecraft:player_wall_head":1,"minecraft:oak_leaves":1,"minecraft:red_wall_banner":2,"minecraft:spruce_trapdoor":2},"minecraft:picked_up":{"minecraft:oak_log":1,"minecraft:player_head":1,"minecraft:red_banner":2,"minecraft:spruce_trapdoor":2}},"DataVersion":3465}