{"stat.chestOpened":6,"stat.walkOneCm":77169,"stat.useItem.minecraft.bread":2,"stat.drop.minecraft.wheat":5,"stat.useItem.minecraft.egg":2,"stat.leaveGame":3,"stat.damageTaken":647,"stat.useItem.minecraft.apple":10,"stat.mobKills":2,"stat.flyOneCm":108678,"stat.deaths":1,"stat.useItem.minecraft.mutton":2,"stat.pickup.minecraft.wheat_seeds":41,"stat.drop":17,"stat.jump":712,"stat.pickup.minecraft.egg":2,"stat.swimOneCm":1077,"stat.playOneMinute":51135,"stat.fallOneCm":13987,"stat.drop.minecraft.wheat_seeds":13,"stat.climbOneCm":2654,"stat.killEntity.Sheep":2,"stat.sneakTime":199,"stat.pickup.minecraft.wool":2,"stat.damageDealt":270,"stat.craftItem.minecraft.bread":4,"stat.pickup.minecraft.hay_block":1,"stat.timeSinceDeath":18062,"stat.sprintOneCm":69354,"stat.pickup.minecraft.mutton":2,"stat.diveOneCm":5284,"stat.pickup.minecraft.wheat":21,"stat.craftingTableInteraction":1}