{"stat.useItem.minecraft.bow":98,"stat.leaveGame":66,"stat.useItem.minecraft.bookshelf":24,"stat.useItem.minecraft.soul_sand":4,"stat.useItem.minecraft.lead":10,"stat.useItem.minecraft.glowstone":37,"stat.drop.minecraft.shield":1,"stat.drop.minecraft.trapdoor":1,"stat.useItem.minecraft.planks":2071,"stat.craftItem.minecraft.shield":5,"stat.drop.minecraft.feather":2,"stat.pickup.minecraft.porkchop":6,"stat.useItem.minecraft.water_bucket":165,"stat.drop.minecraft.iron_sword":3,"stat.drop.minecraft.redstone_torch":1,"stat.pickup.minecraft.rotten_flesh":1,"stat.pickup.minecraft.sand":23,"stat.useItem.minecraft.vine":28,"stat.pickup.minecraft.cobblestone_wall":2,"stat.useItem.minecraft.rail":30,"stat.useItem.minecraft.anvil":25,"stat.useItem.minecraft.ender_pearl":54,"stat.mineBlock.minecraft.sand":20,"stat.drop.minecraft.sand":2,"stat.killEntity.Villager":93,"stat.drop.minecraft.tnt":2,"stat.hopperInspected":3,"stat.drop.minecraft.golden_sword":1,"stat.useItem.minecraft.spawn_egg":375,"stat.pickup.minecraft.double_plant":9,"stat.pickup.minecraft.armor_stand":2,"stat.trappedChestTriggered":8,"stat.useItem.minecraft.oak_stairs":2,"stat.furnaceInteraction":14,"stat.drop.minecraft.diamond_block":1,"stat.killEntity.ZombieVillager":2,"stat.useItem.minecraft.dark_oak_stairs":309,"stat.drop.minecraft.hay_block":2,"stat.drop.minecraft.red_flower":3,"stat.useItem.minecraft.double_plant":11,"stat.pickup.minecraft.beef":9,"stat.pickup.minecraft.furnace":1,"stat.useItem.minecraft.redstone":235,"stat.drop.minecraft.diamond_helmet":2,"stat.pickup.minecraft.hay_block":1,"stat.pickup.minecraft.cauldron":1,"stat.useItem.minecraft.trapdoor":258,"stat.useItem.minecraft.stained_glass":4,"stat.pickup.minecraft.cyan_shulker_box":2,"stat.pickup.minecraft.iron_chestplate":6,"stat.useItem.minecraft.fence":9,"stat.pickup.minecraft.skull":3,"stat.useItem.minecraft.stone_stairs":211,"stat.drop.minecraft.lead":3,"stat.useItem.minecraft.dark_oak_door":13,"stat.killEntity.Horse":122,"stat.pickup.minecraft.stone_stairs":2,"stat.pickup.minecraft.potion":1,"stat.useItem.minecraft.cauldron":3,"stat.useItem.minecraft.flint_and_steel":668,"stat.useItem.minecraft.wheat_seeds":1701,"stat.useItem.minecraft.wooden_button":9,"stat.useItem.minecraft.lingering_potion":1,"stat.useItem.minecraft.hopper":4,"stat.pickup.minecraft.saddle":2,"stat.useItem.minecraft.dye":2887,"stat.pickup.minecraft.lever":7,"stat.deaths":3,"stat.pickup.minecraft.mycelium":1,"stat.pickup.minecraft.egg":20,"stat.playOneMinute":4275849,"stat.pickup.minecraft.item_frame":7,"stat.pickup.minecraft.iron_bars":1,"stat.drop.minecraft.torch":10,"stat.pickup.minecraft.dispenser":1,"stat.mineBlock.minecraft.tallgrass":90,"stat.pickup.minecraft.netherrack":67,"stat.chestOpened":44,"stat.useItem.minecraft.splash_potion":9,"stat.pickup.minecraft.spruce_door":18,"stat.useItem.minecraft.stone":797,"stat.drop.minecraft.hopper":1,"stat.pickup.minecraft.arrow":1074431,"stat.pickup.minecraft.iron_sword":5,"stat.pickup.minecraft.wooden_pressure_plate":2,"stat.drop.minecraft.dark_oak_stairs":1,"stat.fallOneCm":3405,"stat.drop.minecraft.stone":2,"stat.drop.minecraft.dye":1,"stat.useItem.minecraft.trapped_chest":5,"stat.pickup.minecraft.carrot":1,"stat.crouchOneCm":196440,"stat.pickup.minecraft.rail":5,"stat.craftItem.minecraft.banner":16,"stat.useItem.minecraft.iron_hoe":1,"stat.craftingTableInteraction":21,"stat.dropperInspected":5,"stat.pickup.minecraft.comparator":1,"stat.pickup.minecraft.repeater":10,"stat.useItem.minecraft.dark_oak_fence":1029,"stat.pickup.minecraft.feather":6,"stat.drop.minecraft.iron_leggings":2,"stat.useItem.minecraft.furnace":3,"stat.pickup.minecraft.dye":6,"stat.pickup.minecraft.iron_leggings":5,"stat.pickup.minecraft.wheat_seeds":178,"stat.pickup.minecraft.lead":3,"stat.useItem.minecraft.wool":208,"stat.mineBlock.minecraft.dirt":4698,"stat.useItem.minecraft.iron_bars":7,"stat.flowerPotted":8,"stat.pickup.minecraft.flint_and_steel":1,"stat.useItem.minecraft.torch":216,"stat.drop.minecraft.stone_brick_stairs":1,"stat.drop.minecraft.porkchop":2,"stat.useItem.minecraft.log":600,"stat.useItem.minecraft.comparator":2,"stat.useItem.minecraft.cobblestone":6446,"stat.pickup.minecraft.magma":19,"stat.useItem.minecraft.gravel":127,"stat.minecartOneCm":1468,"stat.pickup.minecraft.redstone_block":1,"stat.pickup.minecraft.log":2,"stat.drop.minecraft.stonebrick":5,"stat.drop.minecraft.carrot":1,"stat.drop.minecraft.planks":2,"stat.pickup.minecraft.hopper":1,"stat.drop.minecraft.sapling":6,"stat.pickup.minecraft.chicken":4,"stat.pickup.minecraft.tipped_arrow":315,"stat.pickup.minecraft.sapling":187,"stat.pickup.minecraft.wooden_door":3,"stat.useItem.minecraft.tallgrass":3,"stat.pickup.minecraft.apple":13,"stat.drop.minecraft.melon_seeds":64,"stat.useItem.minecraft.glass_pane":51,"stat.pickup.minecraft.banner":2,"stat.useItem.minecraft.birch_door":1,"stat.drop.minecraft.bow":1,"stat.pickup.minecraft.beetroot":1,"stat.useItem.minecraft.iron_sword":97,"stat.useItem.minecraft.barrier":108,"stat.pickup.minecraft.diamond_helmet":2,"stat.useItem.minecraft.wooden_pressure_plate":7,"stat.useItem.minecraft.stonebrick":10386,"stat.pickup.minecraft.golden_sword":2,"stat.useItem.minecraft.wooden_door":4,"stat.useItem.minecraft.grass_path":26,"stat.useItem.minecraft.spruce_door":24,"stat.pickup.minecraft.iron_door":15,"stat.pickup.minecraft.red_flower":53,"stat.sneakTime":109579,"stat.pickup.minecraft.wool":2,"stat.pickup.minecraft.yellow_flower":29,"stat.drop.minecraft.grass":16,"stat.drop.minecraft.wooden_axe":3,"stat.pickup.minecraft.chest":1,"stat.useItem.minecraft.web":58,"stat.pickup.minecraft.bone":13,"stat.pickup.minecraft.redstone_torch":55,"stat.horseOneCm":1231097,"stat.drop.minecraft.beetroot":1,"stat.useItem.minecraft.repeater":55,"stat.mineBlock.minecraft.cobblestone":1,"stat.useItem.minecraft.skull":29,"stat.useItem.minecraft.diamond_sword":1867,"stat.swimOneCm":452278,"stat.useItem.minecraft.snow":2,"stat.climbOneCm":53965,"stat.drop.minecraft.cobblestone":8,"stat.useItem.minecraft.coal_block":1,"stat.useItem.minecraft.redstone_torch":120,"stat.useItem.minecraft.obsidian":98,"stat.useItem.minecraft.dirt":5041,"stat.useItem.minecraft.stone_slab2":25942,"stat.pickup.minecraft.bow":2,"stat.pickup.minecraft.iron_boots":3,"stat.useItem.minecraft.red_flower":14,"stat.useItem.minecraft.egg":765,"stat.pickup.minecraft.anvil":5,"stat.useItem.minecraft.iron_ore":30,"stat.pickup.minecraft.cobblestone":302,"stat.useItem.minecraft.spruce_fence_gate":115,"stat.flyOneCm":30059820,"stat.drop.minecraft.iron_helmet":1,"stat.pickup.minecraft.glass_bottle":1,"stat.killEntity.ZombieHorse":1,"stat.drop.minecraft.wheat_seeds":1,"stat.pickup.minecraft.redstone":55,"stat.timeSinceDeath":1050513,"stat.useItem.minecraft.sign":35,"stat.drop.minecraft.log":1,"stat.cauldronFilled":7,"stat.useItem.minecraft.wooden_slab":646,"stat.pickup.minecraft.mutton":2,"stat.useItem.minecraft.iron_door":4,"stat.useItem.minecraft.lever":19,"stat.pickup.minecraft.wooden_axe":3,"stat.pickup.minecraft.chainmail_helmet":2,"stat.pickup.minecraft.stonebrick":8,"stat.drop.minecraft.mycelium":1,"stat.drop.minecraft.flint_and_steel":1,"stat.drop.minecraft.dirt":39,"stat.pickup.minecraft.carpet":8,"stat.pickup.minecraft.trapdoor":1,"stat.pickup.minecraft.diamond_shovel":1,"stat.mineBlock.minecraft.coal_ore":12,"stat.useItem.minecraft.armor_stand":6,"stat.killEntity.Creeper":4,"stat.pickup.minecraft.shield":1,"stat.talkedToVillager":1,"stat.drop.minecraft.spawn_egg":1,"stat.pickup.minecraft.string":8,"stat.useItem.minecraft.milk_bucket":2,"stat.drop.minecraft.anvil":3,"stat.useItem.minecraft.spruce_fence":524,"stat.useItem.minecraft.dropper":3,"stat.sprintOneCm":2325263,"stat.useItem.minecraft.diamond_shovel":5285,"stat.useItem.minecraft.diamond_block":1,"stat.useItem.minecraft.hay_block":180,"stat.drop.minecraft.potion":2,"stat.useItem.minecraft.stone_slab":690,"stat.useItem.minecraft.bed":33,"stat.pickup.minecraft.grass":11,"stat.drop.minecraft.leaves":1,"stat.useItem.minecraft.diamond_pickaxe":689,"stat.killEntity.Endermite":10,"stat.useItem.minecraft.ender_eye":12,"stat.useItem.minecraft.wooden_shovel":712,"stat.useItem.minecraft.bucket":20,"stat.drop.minecraft.tipped_arrow":324,"stat.drop.minecraft.cobblestone_wall":1,"stat.drop":294,"stat.pickup.minecraft.stone_button":3,"stat.killEntity.Sheep":2,"stat.useItem.minecraft.banner":33,"stat.useItem.minecraft.ladder":156,"stat.drop.minecraft.iron_boots":2,"stat.pickup.minecraft.golden_chestplate":1,"stat.killEntity.Zombie":2,"stat.pickup.minecraft.snowball":15,"stat.diveOneCm":2395162,"stat.pickup.minecraft.wheat":9,"stat.useItem.minecraft.sticky_piston":30,"stat.drop.minecraft.stone_stairs":1,"stat.pickup.minecraft.sign":9,"stat.pickup.minecraft.gravel":2,"stat.drop.minecraft.ladder":1,"stat.pickup.minecraft.stained_glass_pane":2,"stat.useItem.minecraft.carpet":516,"stat.useItem.minecraft.potion":23,"stat.useItem.minecraft.stained_glass_pane":12,"stat.pickup.minecraft.stone_brick_stairs":2,"stat.pickup.minecraft.diamond_sword":3,"stat.jump":5261,"stat.killEntity.SkeletonHorse":8,"stat.useItem.minecraft.sand":500,"stat.useItem.minecraft.wooden_hoe":2494,"stat.pickup.minecraft.coal":23,"stat.pickup.minecraft.iron_helmet":1,"stat.useItem.minecraft.piston":92,"stat.drop.minecraft.diamond_sword":2,"stat.pickup.minecraft.gunpowder":1,"stat.pickup.minecraft.spider_eye":2,"stat.useItem.minecraft.mycelium":16,"stat.pickup.minecraft.dirt":1597,"stat.useItem.minecraft.stone_button":19,"stat.drop.minecraft.glass":1,"stat.useItem.minecraft.dispenser":1,"stat.useItem.minecraft.glass":4,"stat.useItem.minecraft.sapling":91,"stat.pickup.minecraft.command_block":1,"stat.useItem.minecraft.redstone_lamp":3,"stat.pickup.minecraft.leaves":1,"stat.damageTaken":518,"stat.pickup.minecraft.leather":77,"stat.useItem.minecraft.stone_brick_stairs":2068,"stat.mineBlock.minecraft.red_flower":2,"stat.dispenserInspected":5,"stat.useItem.minecraft.acacia_door":14,"stat.pickup.minecraft.bed":3,"stat.cauldronUsed":1,"stat.useItem.minecraft.end_portal_frame":18,"stat.damageDealt":55649,"stat.killEntity.Cow":3,"stat.useItem.minecraft.crafting_table":6,"stat.killEntity.Pig":1,"stat.pickup.minecraft.piston":1,"stat.useItem.minecraft.command_block":8,"stat.walkOneCm":5888611,"stat.animalsBred":9,"stat.playerKills":4,"stat.useItem.minecraft.chest":39,"stat.drop.minecraft.item_frame":1,"stat.drop.minecraft.wheat":3,"stat.useItem.minecraft.pumpkin":2,"stat.pickup.minecraft.spectral_arrow":64,"stat.useItem.minecraft.tnt":16,"stat.useItem.minecraft.emerald_block":1,"stat.useItem.minecraft.lava_bucket":33,"stat.useItem.minecraft.gold_ore":9,"stat.pickup.minecraft.tnt":8,"stat.useItem.minecraft.item_frame":11,"stat.drop.minecraft.iron_chestplate":1,"stat.pickup.minecraft.stone":166,"stat.useItem.minecraft.spruce_stairs":565,"stat.shulkerBoxOpened":8,"stat.drop.minecraft.potato":1,"stat.pickup.minecraft.ender_pearl":33,"stat.drop.minecraft.egg":8,"stat.useItem.minecraft.leaves":62,"stat.drop.minecraft.command_block":1,"stat.drop.minecraft.wooden_slab":1,"stat.pickup.minecraft.ladder":2,"stat.useItem.minecraft.netherrack":10,"stat.killEntity.Skeleton":7,"stat.mineBlock.minecraft.tnt":7,"stat.killEntity.Chicken":4,"stat.drop.minecraft.crafting_table":1,"stat.killEntity.Spider":2,"stat.pickup.minecraft.dark_oak_stairs":1,"stat.mobKills":266,"stat.pickup.minecraft.quartz":2,"stat.useItem.minecraft.mossy_cobblestone":35,"stat.useItem.minecraft.cobblestone_wall":216,"stat.pickup.minecraft.iron_horse_armor":1,"stat.pickup.minecraft.torch":17,"stat.drop.minecraft.diamond_shovel":1,"stat.drop.minecraft.arrow":90,"stat.mineBlock.minecraft.stone":672}