{"stat.pickup.minecraft.wooden_slab":1,"stat.pickup.minecraft.spruce_fence_gate":1,"stat.leaveGame":13,"stat.useItem.minecraft.diamond_sword":10,"stat.swimOneCm":180291,"stat.climbOneCm":26020,"stat.useItem.minecraft.planks":1,"stat.drop.minecraft.cobblestone":1,"stat.pickup.minecraft.porkchop":8,"stat.useItem.minecraft.stone_slab2":34417,"stat.useItem.minecraft.water_bucket":172,"stat.useItem.minecraft.red_flower":2,"stat.pickup.minecraft.anvil":2,"stat.pickup.minecraft.cobblestone":1,"stat.pickup.minecraft.wooden_hoe":1,"stat.pickup.minecraft.gold_block":321,"stat.aviateOneCm":3433,"stat.flyOneCm":24948891,"stat.drop.minecraft.sand":3,"stat.timeSinceDeath":2699828,"stat.drop.minecraft.log":3,"stat.cauldronFilled":4,"stat.useItem.minecraft.spawn_egg":32,"stat.useItem.minecraft.wooden_slab":7,"stat.pickup.minecraft.mutton":6,"stat.pickup.minecraft.double_plant":6,"stat.drop.minecraft.wooden_shovel":1,"stat.trappedChestTriggered":3,"stat.pickup.minecraft.wooden_axe":4,"stat.drop.minecraft.iron_bars":1,"stat.pickup.minecraft.stonebrick":1,"stat.pickup.minecraft.spruce_fence":2,"stat.furnaceInteraction":2,"stat.drop.minecraft.flint_and_steel":1,"stat.drop.minecraft.spruce_door":1,"stat.drop.minecraft.red_flower":1,"stat.pickup.minecraft.sponge":1,"stat.drop.minecraft.stone_slab":1,"stat.pickup.minecraft.beef":3,"stat.pickup.minecraft.furnace":1,"stat.sprintOneCm":997201,"stat.drop.minecraft.lead":1,"stat.useItem.minecraft.stone_slab":1,"stat.killEntity.Horse":1,"stat.useItem.minecraft.flint_and_steel":94,"stat.pickup.minecraft.grass":3,"stat.useItem.minecraft.wheat_seeds":4,"stat.useItem.minecraft.carrot":1,"stat.useItem.minecraft.wooden_shovel":4040,"stat.drop":55,"stat.pickup.minecraft.egg":21,"stat.drop.minecraft.spruce_fence_gate":1,"stat.playOneMinute":2699828,"stat.killEntity.Sheep":1,"stat.pickup.minecraft.glass_pane":1,"stat.pickup.minecraft.item_frame":3,"stat.drop.minecraft.chest":1,"stat.pickup.minecraft.iron_bars":1,"stat.drop.minecraft.torch":6,"stat.diveOneCm":511661,"stat.pickup.minecraft.wheat":3,"stat.chestOpened":18,"stat.pickup.minecraft.spruce_door":44,"stat.pickup.minecraft.sign":1,"stat.drop.minecraft.ladder":1,"stat.useItem.minecraft.potion":1,"stat.pickup.minecraft.stone_brick_stairs":2,"stat.drop.minecraft.sponge":2,"stat.jump":5046,"stat.useItem.minecraft.wooden_hoe":42,"stat.drop.minecraft.dark_oak_stairs":3,"stat.drop.minecraft.stone":1,"stat.drop.minecraft.dye":2,"stat.pickup.minecraft.carrot":3,"stat.crouchOneCm":64085,"stat.pickup.minecraft.rail":1,"stat.useItem.minecraft.iron_hoe":5,"stat.craftingTableInteraction":1,"stat.useItem.minecraft.sapling":21,"stat.drop.minecraft.gold_block":2,"stat.pickup.minecraft.feather":3,"stat.pickup.minecraft.leather":1,"stat.useItem.minecraft.furnace":1,"stat.pickup.minecraft.dye":2,"stat.pickup.minecraft.planks":3,"stat.pickup.minecraft.reeds":1,"stat.pickup.minecraft.bed":6,"stat.pickup.minecraft.wheat_seeds":724,"stat.pickup.minecraft.lead":4,"stat.drop.minecraft.spruce_fence":1,"stat.damageDealt":917,"stat.killEntity.Pig":3,"stat.flowerPotted":8,"stat.pickup.minecraft.flint_and_steel":1,"stat.walkOneCm":2842556,"stat.useItem.minecraft.torch":140,"stat.drop.minecraft.stone_brick_stairs":3,"stat.pickup.minecraft.crafting_table":1,"stat.drop.minecraft.tallgrass":1,"stat.pickup.minecraft.log":2,"stat.drop.minecraft.sign":1,"stat.drop.minecraft.glass_pane":1,"stat.useItem.minecraft.item_frame":8,"stat.pickup.minecraft.web":1,"stat.pickup.minecraft.stone":1,"stat.drop.minecraft.planks":3,"stat.pickup.minecraft.chicken":4,"stat.pickup.minecraft.sapling":29,"stat.pickup.minecraft.ladder":1,"stat.drop.minecraft.grass_path":1,"stat.killEntity.Chicken":1,"stat.pickup.minecraft.dark_oak_stairs":2,"stat.mobKills":6,"stat.useItem.minecraft.spruce_door":16,"stat.pickup.minecraft.torch":24,"stat.pickup.minecraft.spruce_stairs":1,"stat.pickup.minecraft.red_flower":4498,"stat.sneakTime":73898,"stat.pickup.minecraft.wool":4,"stat.pickup.minecraft.yellow_flower":49,"stat.drop.minecraft.grass":8,"stat.pickup.minecraft.trapped_chest":1,"stat.drop.minecraft.wooden_axe":3,"stat.pickup.minecraft.chest":1}