{"stats":{"minecraft:crafted":{"minecraft:wheat":72},"minecraft:custom":{"minecraft:time_since_rest":5951,"minecraft:inspect_dropper":1,"minecraft:crouch_one_cm":3077,"minecraft:walk_one_cm":48027,"minecraft:play_time":23484,"minecraft:sprint_one_cm":70597,"minecraft:damage_taken":1276,"minecraft:deaths":5,"minecraft:sneak_time":667,"minecraft:drop":67,"minecraft:jump":469,"minecraft:damage_dealt":602,"minecraft:time_since_death":5926,"minecraft:total_world_time":23484,"minecraft:climb_one_cm":892,"minecraft:fall_one_cm":18017,"minecraft:fly_one_cm":95968,"minecraft:player_kills":1},"minecraft:dropped":{"minecraft:rotten_flesh":1,"minecraft:bow":2,"minecraft:arrow":34,"minecraft:blue_banner":2,"minecraft:obsidian":28},"minecraft:used":{"minecraft:player_head":7},"minecraft:mined":{"minecraft:blue_wall_banner":3,"minecraft:player_wall_head":4,"lucky:lucky_block":4,"minecraft:player_head":4},"minecraft:picked_up":{"minecraft:arrow":51,"minecraft:rotten_flesh":2,"minecraft:bow":3,"minecraft:hay_block":8,"minecraft:player_head":8,"minecraft:blue_banner":2,"minecraft:obsidian":42},"minecraft:killed_by":{"minecraft:player":1}},"DataVersion":3465}