{"stat.chestOpened":4,"stat.flyOneCm":16245,"stat.deaths":1,"stat.walkOneCm":11324,"stat.pickup.props.props":1,"stat.pickup.minecraft.wheat_seeds":2,"stat.drop":2,"stat.jump":86,"stat.playOneMinute":10054,"stat.fallOneCm":2380,"stat.drop.minecraft.wheat":1,"stat.drop.minecraft.wheat_seeds":1,"stat.horseOneCm":33514,"stat.leaveGame":2,"stat.damageTaken":220,"stat.damageDealt":6,"stat.timeSinceDeath":0,"stat.sprintOneCm":18124,"stat.useItem.minecraft.stone_slab2":1,"stat.pickup.minecraft.wheat":2}