{"stats":{"minecraft:killed":{"minecraft:slime":16,"minecraft:zombie_horse":1,"minecraft:horse":4,"minecraft:llama":2,"minecraft:magma_cube":1,"minecraft:pig":2,"minecraft:creeper":1,"minecraft:zombie":1,"minecraft:cow":1},"minecraft:crafted":{"minecraft:oak_planks":8,"minecraft:diamond_boots":1,"minecraft:wheat":72,"minecraft:crafting_table":1,"minecraft:bread":18,"minecraft:stick":8,"minecraft:diamond_chestplate":1},"minecraft:custom":{"minecraft:inspect_dropper":1,"minecraft:interact_with_anvil":5,"minecraft:mob_kills":34,"minecraft:animals_bred":6,"minecraft:interact_with_crafting_table":4,"minecraft:time_since_death":17980,"minecraft:climb_one_cm":1478,"minecraft:sprint_one_cm":236944,"minecraft:walk_one_cm":246102,"minecraft:drop":288,"minecraft:play_time":83484,"minecraft:deaths":13,"minecraft:sneak_time":1468,"minecraft:walk_under_water_one_cm":82,"minecraft:jump":1669,"minecraft:walk_on_water_one_cm":1010,"minecraft:total_world_time":83484,"minecraft:interact_with_furnace":1,"minecraft:play_record":3,"minecraft:time_since_rest":18023,"minecraft:damage_taken":4696,"minecraft:damage_absorbed":80,"minecraft:damage_dealt":4669,"minecraft:interact_with_beacon":1,"minecraft:fly_one_cm":316281,"minecraft:player_kills":1,"minecraft:open_chest":8,"minecraft:crouch_one_cm":6635,"minecraft:fall_one_cm":65411,"minecraft:horse_one_cm":95549},"minecraft:dropped":{"minecraft:enchanted_book":4,"minecraft:golden_boots":1,"minecraft:porkchop":1,"minecraft:golden_helmet":1,"minecraft:oak_pressure_plate":1,"minecraft:cooked_beef":2,"minecraft:golden_pickaxe":1,"minecraft:diamond":20,"minecraft:golden_horse_armor":2,"minecraft:sandstone_stairs":7,"minecraft:poisonous_potato":19,"minecraft:prismarine_shard":9,"minecraft:lime_terracotta":10,"minecraft:prismarine_crystals":14,"minecraft:book":3,"minecraft:leather":1,"minecraft:apple":3,"minecraft:stick":10,"minecraft:diamond_horse_armor":1,"minecraft:stone_button":2,"minecraft:torch":3,"minecraft:jack_o_lantern":4,"minecraft:potion":2,"minecraft:gold_nugget":4,"minecraft:bone_meal":2,"minecraft:glistering_melon_slice":5,"minecraft:fermented_spider_eye":6,"minecraft:bone":1,"minecraft:golden_chestplate":1,"minecraft:player_head":1,"minecraft:nether_wart":1,"minecraft:ender_chest":3,"minecraft:blaze_rod":3,"minecraft:wheat":4,"minecraft:obsidian":28,"minecraft:stone_shovel":2,"minecraft:rotten_flesh":6,"minecraft:enchanted_golden_apple":1,"minecraft:iron_hoe":1,"minecraft:slime_block":4,"minecraft:prismarine":33,"minecraft:blaze_powder":3,"minecraft:ender_eye":2,"minecraft:white_terracotta":1,"minecraft:rabbit_foot":3,"minecraft:sea_lantern":1,"minecraft:leather_chestplate":1,"minecraft:potato":19,"minecraft:diamond_chestplate":1,"minecraft:spruce_trapdoor":8,"minecraft:skeleton_skull":2,"minecraft:quartz_block":37,"minecraft:quartz_stairs":14,"minecraft:blue_banner":2,"minecraft:leather_boots":3,"minecraft:golden_leggings":3,"minecraft:end_portal_frame":3,"minecraft:golden_sword":2,"minecraft:spider_eye":10,"minecraft:diamond_boots":1,"minecraft:painting":5,"minecraft:sandstone":2,"minecraft:bow":3,"minecraft:arrow":34,"minecraft:stone_pickaxe":2,"minecraft:beef":2,"minecraft:nether_quartz_ore":43,"minecraft:magma_cream":3,"minecraft:ghast_tear":4,"minecraft:quartz":8,"minecraft:oak_leaves":3,"minecraft:splash_potion":1,"minecraft:enchanting_table":1,"minecraft:black_wool":1,"minecraft:quartz_slab":8},"minecraft:used":{"minecraft:jack_o_lantern":8,"minecraft:iron_sword":56,"minecraft:player_head":7,"minecraft:rotten_flesh":1,"minecraft:diamond_helmet":1,"minecraft:music_disc_13":3,"minecraft:cyan_wool":1,"minecraft:obsidian":14,"minecraft:red_wool":2,"minecraft:slime_block":13,"minecraft:bow":3,"minecraft:cooked_beef":2,"minecraft:cooked_mutton":1,"minecraft:diamond_boots":1,"minecraft:baked_potato":9,"minecraft:lime_wool":1,"lucky:lucky_sword":20,"minecraft:crafting_table":2,"minecraft:light_blue_wool":1,"minecraft:oak_pressure_plate":1,"minecraft:yellow_wool":1,"minecraft:diamond_sword":45,"minecraft:cooked_porkchop":1,"minecraft:porkchop":1,"minecraft:poisonous_potato":6,"minecraft:jukebox":1},"minecraft:mined":{"minecraft:fire":4,"lucky:lucky_block":48,"minecraft:player_head":4,"minecraft:blue_wall_banner":3,"minecraft:player_wall_head":4,"minecraft:crafting_table":1,"minecraft:slime_block":31,"minecraft:oak_log":2},"minecraft:picked_up":{"minecraft:crafting_table":1,"minecraft:wheat":2,"minecraft:splash_potion":4,"minecraft:ender_chest":3,"minecraft:nether_wart":1,"minecraft:prismarine_shard":9,"minecraft:yellow_wool":1,"minecraft:golden_pickaxe":1,"minecraft:diamond_sword":2,"minecraft:enchanted_book":4,"minecraft:potion":3,"minecraft:diamond_horse_armor":1,"minecraft:golden_sword":2,"minecraft:quartz_slab":8,"minecraft:diamond_leggings":1,"minecraft:gold_nugget":3,"lucky:lucky_sword":1,"minecraft:beef":12,"minecraft:ender_eye":2,"minecraft:player_head":9,"minecraft:cyan_wool":1,"minecraft:enchanted_golden_apple":2,"minecraft:quartz_stairs":14,"minecraft:spruce_trapdoor":8,"minecraft:golden_helmet":1,"minecraft:lime_wool":1,"minecraft:stick":2,"minecraft:sandstone":2,"minecraft:jukebox":1,"minecraft:torch":3,"minecraft:porkchop":2,"minecraft:stone_button":2,"minecraft:golden_chestplate":1,"minecraft:prismarine_crystals":14,"minecraft:rabbit_foot":3,"minecraft:quartz_block":37,"minecraft:diamond_chestplate":1,"minecraft:arrow":52,"minecraft:rotten_flesh":9,"minecraft:stone_shovel":3,"minecraft:light_blue_wool":1,"minecraft:diamond_boots":1,"minecraft:hay_block":8,"minecraft:sandstone_stairs":7,"minecraft:glistering_melon_slice":5,"minecraft:white_terracotta":1,"minecraft:blaze_rod":3,"minecraft:obsidian":42,"minecraft:mutton":4,"minecraft:skeleton_skull":2,"minecraft:blaze_powder":3,"minecraft:enchanting_table":1,"minecraft:leather_chestplate":1,"minecraft:cooked_beef":6,"minecraft:magma_cream":3,"minecraft:leather":6,"minecraft:golden_leggings":3,"minecraft:end_portal_frame":3,"minecraft:potato":37,"minecraft:oak_log":2,"minecraft:golden_boots":1,"lucky:lucky_bow":1,"minecraft:leather_boots":3,"minecraft:cooked_mutton":2,"minecraft:bone":1,"minecraft:apple":3,"minecraft:bow":7,"minecraft:stone_pickaxe":2,"minecraft:diamond_helmet":1,"minecraft:prismarine":33,"minecraft:stone_hoe":1,"minecraft:iron_sword":1,"minecraft:book":3,"minecraft:ghast_tear":4,"minecraft:nether_quartz_ore":43,"minecraft:cooked_porkchop":1,"minecraft:music_disc_13":3,"minecraft:red_wool":2,"minecraft:quartz":8,"minecraft:lime_terracotta":10,"minecraft:oak_pressure_plate":2,"minecraft:poisonous_potato":25,"minecraft:fermented_spider_eye":6,"minecraft:spider_eye":10,"minecraft:sea_lantern":1,"minecraft:iron_hoe":1,"minecraft:slime_ball":28,"minecraft:diamond":40,"minecraft:slime_block":28,"minecraft:painting":5,"minecraft:bone_meal":2,"minecraft:golden_apple":3,"minecraft:bread":1,"minecraft:golden_horse_armor":2,"minecraft:blue_banner":2,"minecraft:baked_potato":12,"minecraft:jack_o_lantern":12,"minecraft:black_wool":1,"minecraft:oak_leaves":3,"minecraft:ender_pearl":1},"minecraft:killed_by":{"minecraft:player":2,"minecraft:skeleton":1}},"DataVersion":3465}