{"stat.chestOpened":10,"stat.walkOneCm":114457,"stat.trappedChestTriggered":1,"stat.playerKills":1,"stat.drop.minecraft.wheat":2,"stat.pickup.minecraft.redstone_torch":1,"stat.horseOneCm":33514,"stat.drop.minecraft.diamond_ore":1,"stat.leaveGame":2,"stat.drop.minecraft.bookshelf":1,"stat.drop.minecraft.tallgrass":1,"stat.useItem.minecraft.tnt":30,"stat.furnaceInteraction":1,"stat.drop.minecraft.diamond_block":6,"stat.useItem.minecraft.porkchop":2,"stat.drop.minecraft.hay_block":5,"stat.useItem.minecraft.potion":1,"stat.drop.minecraft.iron_pickaxe":1,"stat.jump":557,"stat.swimOneCm":3226,"stat.mineBlock.minecraft.diamond_block":6,"stat.fallOneCm":8044,"stat.climbOneCm":3364,"stat.drop.minecraft.stone":2,"stat.pickup.minecraft.porkchop":2,"stat.pickup.minecraft.hay_block":4,"stat.crouchOneCm":1783,"stat.craftItem.minecraft.hay_block":1,"stat.sprintOneCm":62401,"stat.useItem.minecraft.diamond_block":6,"stat.useItem.minecraft.stone_slab2":323,"stat.useItem.minecraft.redstone_ore":4,"stat.useItem.minecraft.water_bucket":2,"stat.craftingTableInteraction":1,"stat.drop.minecraft.redstone_torch":2,"stat.pickup.minecraft.sand":8,"stat.boatOneCm":13956,"stat.useItem.minecraft.egg":1,"stat.mineBlock.minecraft.diamond_ore":4,"stat.damageTaken":600,"stat.dispenserInspected":2,"stat.drop.minecraft.water_bucket":1,"stat.mobKills":1,"stat.drop.props.props":3,"stat.drop.minecraft.boat":1,"stat.flyOneCm":367666,"stat.useItem.minecraft.boat":2,"stat.deaths":2,"stat.pickup.props.props":1,"stat.pickup.minecraft.wheat_seeds":43,"stat.drop":42,"stat.pickup.minecraft.diamond":4,"stat.pickup.minecraft.egg":1,"stat.playOneMinute":275532,"stat.drop.minecraft.wheat_seeds":16,"stat.sneakTime":1345,"stat.pickup.minecraft.diamond_block":6,"stat.drop.minecraft.quartz_block":1,"stat.damageDealt":387,"stat.drop.minecraft.tnt":1,"stat.timeSinceDeath":261321,"stat.pickup.minecraft.minecart":1,"stat.useItem.minecraft.iron_pickaxe":10,"stat.drop.minecraft.diamond":4,"stat.killEntity.Pig":1,"stat.drop.minecraft.grass":2,"stat.diveOneCm":13829,"stat.pickup.minecraft.wheat":15}