{"stat.chestOpened":7,"stat.walkOneCm":20207,"stat.drop.minecraft.wheat":1,"stat.horseOneCm":33514,"stat.useItem.minecraft.egg":1,"stat.leaveGame":2,"stat.damageTaken":459,"stat.dispenserInspected":2,"stat.flyOneCm":40246,"stat.deaths":2,"stat.pickup.props.props":1,"stat.pickup.minecraft.wheat_seeds":28,"stat.drop":2,"stat.jump":219,"stat.pickup.minecraft.egg":1,"stat.swimOneCm":4,"stat.playOneMinute":110832,"stat.fallOneCm":5368,"stat.drop.minecraft.wheat_seeds":1,"stat.sneakTime":193,"stat.damageDealt":166,"stat.crouchOneCm":336,"stat.timeSinceDeath":96621,"stat.sprintOneCm":32584,"stat.pickup.minecraft.minecart":1,"stat.useItem.minecraft.stone_slab2":1,"stat.pickup.minecraft.wheat":5}