{"stat.chestOpened":8,"stat.walkOneCm":90170,"stat.playerKills":1,"stat.drop.minecraft.wheat":2,"stat.horseOneCm":33514,"stat.drop.minecraft.diamond_ore":1,"stat.leaveGame":2,"stat.drop.minecraft.bookshelf":1,"stat.drop.minecraft.tallgrass":1,"stat.furnaceInteraction":1,"stat.drop.minecraft.diamond_block":6,"stat.useItem.minecraft.porkchop":2,"stat.drop.minecraft.hay_block":5,"stat.drop.minecraft.iron_pickaxe":1,"stat.jump":499,"stat.swimOneCm":1534,"stat.mineBlock.minecraft.diamond_block":6,"stat.fallOneCm":8044,"stat.climbOneCm":3364,"stat.drop.minecraft.stone":2,"stat.pickup.minecraft.porkchop":2,"stat.pickup.minecraft.hay_block":4,"stat.crouchOneCm":1229,"stat.craftItem.minecraft.hay_block":1,"stat.sprintOneCm":58981,"stat.useItem.minecraft.diamond_block":6,"stat.useItem.minecraft.stone_slab2":72,"stat.useItem.minecraft.water_bucket":2,"stat.craftingTableInteraction":1,"stat.drop.minecraft.redstone_torch":2,"stat.useItem.minecraft.egg":1,"stat.mineBlock.minecraft.diamond_ore":4,"stat.damageTaken":600,"stat.dispenserInspected":2,"stat.drop.minecraft.water_bucket":1,"stat.mobKills":1,"stat.drop.props.props":2,"stat.flyOneCm":301225,"stat.deaths":2,"stat.pickup.props.props":1,"stat.pickup.minecraft.wheat_seeds":43,"stat.drop":39,"stat.pickup.minecraft.diamond":4,"stat.pickup.minecraft.egg":1,"stat.playOneMinute":148632,"stat.drop.minecraft.wheat_seeds":16,"stat.sneakTime":799,"stat.pickup.minecraft.diamond_block":6,"stat.drop.minecraft.quartz_block":1,"stat.damageDealt":387,"stat.drop.minecraft.tnt":1,"stat.timeSinceDeath":134421,"stat.pickup.minecraft.minecart":1,"stat.useItem.minecraft.iron_pickaxe":10,"stat.drop.minecraft.diamond":4,"stat.killEntity.Pig":1,"stat.drop.minecraft.grass":1,"stat.diveOneCm":995,"stat.pickup.minecraft.wheat":15}