{"stat.chestOpened":4,"stat.walkOneCm":16819,"stat.drop.minecraft.wheat":1,"stat.horseOneCm":33514,"stat.useItem.minecraft.egg":1,"stat.leaveGame":2,"stat.damageTaken":459,"stat.flyOneCm":22632,"stat.deaths":2,"stat.pickup.props.props":1,"stat.pickup.minecraft.wheat_seeds":28,"stat.drop":2,"stat.jump":142,"stat.pickup.minecraft.egg":1,"stat.playOneMinute":72132,"stat.fallOneCm":4207,"stat.drop.minecraft.wheat_seeds":1,"stat.sneakTime":193,"stat.damageDealt":166,"stat.crouchOneCm":336,"stat.timeSinceDeath":57921,"stat.sprintOneCm":23790,"stat.pickup.minecraft.minecart":1,"stat.useItem.minecraft.stone_slab2":1,"stat.pickup.minecraft.wheat":5}