{"stats":{"minecraft:custom":{"minecraft:jump":259,"minecraft:time_since_rest":958,"minecraft:damage_dealt":49,"minecraft:crouch_one_cm":2840,"minecraft:deaths":2,"minecraft:sprint_one_cm":38996,"minecraft:play_time":11484,"minecraft:damage_taken":520,"minecraft:time_since_death":916,"minecraft:walk_one_cm":21935,"minecraft:sneak_time":620,"minecraft:climb_one_cm":892,"minecraft:total_world_time":11484,"minecraft:fall_one_cm":10750,"minecraft:fly_one_cm":59593},"minecraft:used":{"minecraft:player_head":5},"minecraft:mined":{"minecraft:player_wall_head":4,"minecraft:player_head":2},"minecraft:picked_up":{"minecraft:player_head":6}},"DataVersion":3465}