{"stats":{"minecraft:killed":{"minecraft:cow":1},"minecraft:crafted":{"minecraft:wheat":72},"minecraft:custom":{"minecraft:inspect_dropper":1,"minecraft:mob_kills":1,"minecraft:animals_bred":6,"minecraft:time_since_death":437,"minecraft:climb_one_cm":892,"minecraft:time_since_rest":471,"minecraft:sprint_one_cm":126527,"minecraft:walk_one_cm":133122,"minecraft:damage_taken":3021,"minecraft:drop":170,"minecraft:damage_dealt":790,"minecraft:player_kills":1,"minecraft:fly_one_cm":172355,"minecraft:open_chest":2,"minecraft:crouch_one_cm":5064,"minecraft:play_time":47484,"minecraft:deaths":11,"minecraft:sneak_time":1157,"minecraft:jump":956,"minecraft:walk_on_water_one_cm":996,"minecraft:total_world_time":47484,"minecraft:fall_one_cm":39653,"minecraft:horse_one_cm":95549},"minecraft:dropped":{"minecraft:ender_chest":3,"minecraft:blaze_rod":1,"minecraft:nether_wart":1,"minecraft:diamond":20,"minecraft:golden_horse_armor":1,"minecraft:sandstone_stairs":7,"minecraft:obsidian":28,"minecraft:prismarine_shard":9,"minecraft:lime_terracotta":10,"minecraft:rotten_flesh":1,"minecraft:prismarine_crystals":14,"minecraft:book":3,"minecraft:leather":1,"minecraft:slime_block":4,"minecraft:prismarine":33,"minecraft:rabbit_foot":3,"minecraft:potato":1,"minecraft:leather_chestplate":1,"minecraft:sea_lantern":1,"minecraft:blue_banner":2,"minecraft:leather_boots":1,"minecraft:end_portal_frame":3,"minecraft:golden_sword":2,"minecraft:gold_nugget":3,"minecraft:spider_eye":10,"minecraft:painting":4,"minecraft:arrow":34,"minecraft:bow":2,"minecraft:ghast_tear":2,"minecraft:fermented_spider_eye":3,"minecraft:black_wool":1,"minecraft:bone":1},"minecraft:used":{"minecraft:baked_potato":3,"minecraft:player_head":7,"minecraft:rotten_flesh":1,"minecraft:light_blue_wool":1,"minecraft:cyan_wool":1,"minecraft:obsidian":14,"minecraft:red_wool":2,"minecraft:slime_block":11,"minecraft:yellow_wool":1,"minecraft:bow":3,"minecraft:poisonous_potato":6},"minecraft:mined":{"minecraft:blue_wall_banner":3,"minecraft:player_wall_head":4,"minecraft:slime_block":16,"lucky:lucky_block":27,"minecraft:player_head":4},"minecraft:picked_up":{"minecraft:cooked_beef":4,"minecraft:leather_chestplate":1,"minecraft:ender_chest":3,"minecraft:splash_potion":4,"minecraft:magma_cream":2,"minecraft:nether_wart":1,"minecraft:prismarine_shard":9,"minecraft:yellow_wool":1,"minecraft:leather":1,"minecraft:golden_leggings":1,"minecraft:end_portal_frame":3,"minecraft:potato":19,"minecraft:potion":3,"minecraft:golden_boots":1,"minecraft:golden_sword":2,"minecraft:cooked_mutton":2,"minecraft:leather_boots":1,"minecraft:bone":1,"minecraft:apple":3,"minecraft:bow":4,"minecraft:gold_nugget":3,"minecraft:beef":10,"minecraft:stone_pickaxe":2,"minecraft:cyan_wool":1,"minecraft:player_head":8,"minecraft:ender_eye":2,"minecraft:prismarine":33,"minecraft:iron_sword":1,"minecraft:book":3,"minecraft:golden_helmet":1,"minecraft:ghast_tear":2,"minecraft:stick":2,"minecraft:sandstone":2,"minecraft:torch":3,"minecraft:red_wool":2,"minecraft:lime_terracotta":10,"minecraft:poisonous_potato":25,"minecraft:fermented_spider_eye":3,"minecraft:prismarine_crystals":14,"minecraft:sea_lantern":1,"minecraft:golden_chestplate":1,"minecraft:spider_eye":10,"minecraft:rabbit_foot":3,"minecraft:iron_hoe":1,"minecraft:arrow":52,"minecraft:rotten_flesh":2,"minecraft:light_blue_wool":1,"minecraft:slime_block":15,"minecraft:diamond":20,"minecraft:hay_block":8,"minecraft:sandstone_stairs":7,"minecraft:painting":4,"minecraft:golden_horse_armor":2,"minecraft:glistering_melon_slice":3,"minecraft:blue_banner":2,"minecraft:baked_potato":12,"minecraft:blaze_rod":3,"minecraft:black_wool":1,"minecraft:mutton":4,"minecraft:obsidian":42,"minecraft:blaze_powder":3,"minecraft:ender_pearl":1},"minecraft:killed_by":{"minecraft:player":2}},"DataVersion":3465}