{"stat.chestOpened":7,"stat.walkOneCm":27162,"stat.drop.minecraft.wheat":1,"stat.horseOneCm":33514,"stat.useItem.minecraft.egg":1,"stat.leaveGame":2,"stat.damageTaken":485,"stat.dispenserInspected":2,"stat.flyOneCm":41507,"stat.deaths":2,"stat.pickup.props.props":1,"stat.pickup.minecraft.wheat_seeds":28,"stat.drop":2,"stat.jump":239,"stat.pickup.minecraft.egg":1,"stat.swimOneCm":4,"stat.playOneMinute":123432,"stat.fallOneCm":5368,"stat.drop.minecraft.wheat_seeds":1,"stat.sneakTime":293,"stat.damageDealt":236,"stat.crouchOneCm":769,"stat.timeSinceDeath":109221,"stat.sprintOneCm":34442,"stat.pickup.minecraft.minecart":1,"stat.useItem.minecraft.stone_slab2":1,"stat.pickup.minecraft.wheat":6}