{"stat.chestOpened":8,"stat.walkOneCm":76990,"stat.playerKills":1,"stat.drop.minecraft.wheat":1,"stat.horseOneCm":33514,"stat.useItem.minecraft.egg":1,"stat.leaveGame":2,"stat.damageTaken":530,"stat.furnaceInteraction":1,"stat.dispenserInspected":2,"stat.mobKills":1,"stat.flyOneCm":57635,"stat.deaths":2,"stat.pickup.props.props":1,"stat.pickup.minecraft.wheat_seeds":42,"stat.drop":7,"stat.jump":417,"stat.pickup.minecraft.egg":1,"stat.swimOneCm":242,"stat.playOneMinute":136032,"stat.fallOneCm":8044,"stat.drop.minecraft.wheat_seeds":6,"stat.climbOneCm":2885,"stat.sneakTime":340,"stat.damageDealt":377,"stat.pickup.minecraft.porkchop":2,"stat.crouchOneCm":947,"stat.timeSinceDeath":121821,"stat.sprintOneCm":55928,"stat.pickup.minecraft.minecart":1,"stat.useItem.minecraft.stone_slab2":1,"stat.killEntity.Pig":1,"stat.diveOneCm":742,"stat.pickup.minecraft.wheat":14}