{"stats":{"minecraft:killed":{"minecraft:cow":1},"minecraft:crafted":{"minecraft:wheat":72},"minecraft:custom":{"minecraft:time_since_rest":1210,"minecraft:sprint_one_cm":96349,"minecraft:inspect_dropper":1,"minecraft:damage_taken":2404,"minecraft:walk_one_cm":100555,"minecraft:mob_kills":1,"minecraft:drop":67,"minecraft:animals_bred":2,"minecraft:damage_dealt":781,"minecraft:fly_one_cm":128920,"minecraft:player_kills":1,"minecraft:crouch_one_cm":4267,"minecraft:play_time":35484,"minecraft:deaths":9,"minecraft:sneak_time":917,"minecraft:jump":736,"minecraft:time_since_death":1183,"minecraft:climb_one_cm":892,"minecraft:total_world_time":35484,"minecraft:fall_one_cm":29750,"minecraft:horse_one_cm":16},"minecraft:dropped":{"minecraft:blue_banner":2,"minecraft:obsidian":28,"minecraft:rotten_flesh":1,"minecraft:arrow":34,"minecraft:bow":2},"minecraft:used":{"minecraft:slime_block":4,"minecraft:player_head":7,"minecraft:rotten_flesh":1,"minecraft:bow":3,"minecraft:poisonous_potato":6,"minecraft:obsidian":14},"minecraft:mined":{"minecraft:blue_wall_banner":3,"minecraft:player_wall_head":4,"minecraft:slime_block":14,"lucky:lucky_block":10,"minecraft:player_head":4},"minecraft:picked_up":{"minecraft:book":1,"minecraft:prismarine_shard":9,"minecraft:leather":1,"minecraft:poisonous_potato":13,"minecraft:sea_lantern":1,"minecraft:prismarine_crystals":10,"minecraft:arrow":51,"minecraft:rotten_flesh":2,"minecraft:bow":3,"minecraft:slime_block":13,"minecraft:hay_block":8,"minecraft:beef":2,"minecraft:player_head":8,"minecraft:blue_banner":2,"minecraft:prismarine":3,"minecraft:obsidian":42},"minecraft:killed_by":{"minecraft:player":2}},"DataVersion":3465}