{"stats":{"minecraft:killed":{"minecraft:pig":2,"minecraft:slime":3,"minecraft:cow":1},"minecraft:crafted":{"minecraft:wheat":72},"minecraft:custom":{"minecraft:inspect_dropper":1,"minecraft:mob_kills":6,"minecraft:animals_bred":6,"minecraft:time_since_death":10298,"minecraft:climb_one_cm":892,"minecraft:damage_absorbed":80,"minecraft:time_since_rest":10322,"minecraft:sprint_one_cm":149070,"minecraft:walk_one_cm":162125,"minecraft:damage_taken":3727,"minecraft:drop":217,"minecraft:damage_dealt":1554,"minecraft:player_kills":1,"minecraft:fly_one_cm":206137,"minecraft:open_chest":4,"minecraft:crouch_one_cm":5971,"minecraft:play_time":59484,"minecraft:deaths":12,"minecraft:sneak_time":1354,"minecraft:jump":1131,"minecraft:walk_on_water_one_cm":996,"minecraft:total_world_time":59484,"minecraft:fall_one_cm":47729,"minecraft:horse_one_cm":95549},"minecraft:dropped":{"minecraft:porkchop":1,"minecraft:player_head":1,"minecraft:cooked_beef":1,"minecraft:ender_chest":3,"minecraft:blaze_rod":3,"minecraft:nether_wart":1,"minecraft:golden_pickaxe":1,"minecraft:diamond":20,"minecraft:golden_horse_armor":2,"minecraft:sandstone_stairs":7,"minecraft:obsidian":28,"minecraft:poisonous_potato":19,"minecraft:prismarine_shard":9,"minecraft:lime_terracotta":10,"minecraft:rotten_flesh":2,"minecraft:prismarine_crystals":14,"minecraft:book":3,"minecraft:iron_hoe":1,"minecraft:leather":1,"minecraft:slime_block":4,"minecraft:prismarine":33,"minecraft:blaze_powder":3,"minecraft:white_terracotta":1,"minecraft:rabbit_foot":3,"minecraft:stick":2,"minecraft:potato":1,"minecraft:leather_chestplate":1,"minecraft:sea_lantern":1,"minecraft:torch":3,"minecraft:spruce_trapdoor":1,"minecraft:quartz_block":37,"minecraft:quartz_stairs":5,"minecraft:blue_banner":2,"minecraft:leather_boots":3,"minecraft:potion":2,"minecraft:end_portal_frame":3,"minecraft:golden_sword":2,"minecraft:splash_potion":1,"minecraft:gold_nugget":3,"minecraft:spider_eye":10,"minecraft:painting":5,"minecraft:sandstone":2,"minecraft:arrow":34,"minecraft:bow":2,"minecraft:beef":2,"minecraft:stone_pickaxe":1,"minecraft:glistering_melon_slice":3,"minecraft:magma_cream":2,"minecraft:nether_quartz_ore":43,"minecraft:ghast_tear":2,"minecraft:quartz":8,"minecraft:fermented_spider_eye":3,"minecraft:oak_leaves":3,"minecraft:quartz_slab":8,"minecraft:black_wool":1,"minecraft:bone":1},"minecraft:used":{"minecraft:lime_wool":1,"minecraft:baked_potato":3,"minecraft:iron_sword":28,"minecraft:player_head":7,"minecraft:rotten_flesh":1,"minecraft:light_blue_wool":1,"minecraft:cyan_wool":1,"minecraft:obsidian":14,"minecraft:red_wool":2,"minecraft:slime_block":11,"minecraft:yellow_wool":1,"minecraft:bow":3,"minecraft:porkchop":1,"minecraft:cooked_beef":1,"minecraft:poisonous_potato":6},"minecraft:mined":{"minecraft:blue_wall_banner":3,"minecraft:player_wall_head":4,"minecraft:slime_block":29,"lucky:lucky_block":34,"minecraft:player_head":4},"minecraft:picked_up":{"minecraft:cooked_beef":5,"minecraft:leather_chestplate":1,"minecraft:ender_chest":3,"minecraft:splash_potion":4,"minecraft:magma_cream":2,"minecraft:nether_wart":1,"minecraft:prismarine_shard":9,"minecraft:golden_pickaxe":1,"minecraft:yellow_wool":1,"minecraft:leather":1,"minecraft:golden_leggings":1,"minecraft:end_portal_frame":3,"minecraft:potato":19,"minecraft:potion":3,"minecraft:diamond_horse_armor":1,"minecraft:golden_boots":1,"minecraft:golden_sword":2,"minecraft:cooked_mutton":2,"minecraft:leather_boots":3,"minecraft:quartz_slab":8,"minecraft:bone":1,"minecraft:apple":3,"minecraft:bow":4,"minecraft:gold_nugget":3,"minecraft:beef":12,"minecraft:stone_pickaxe":2,"minecraft:cyan_wool":1,"minecraft:player_head":9,"minecraft:ender_eye":2,"minecraft:enchanted_golden_apple":1,"minecraft:quartz_stairs":12,"minecraft:prismarine":33,"minecraft:iron_sword":1,"minecraft:spruce_trapdoor":1,"minecraft:book":3,"minecraft:golden_helmet":1,"minecraft:ghast_tear":2,"minecraft:lime_wool":1,"minecraft:nether_quartz_ore":43,"minecraft:stick":2,"minecraft:sandstone":2,"minecraft:cooked_porkchop":1,"minecraft:quartz":8,"minecraft:torch":3,"minecraft:red_wool":2,"minecraft:lime_terracotta":10,"minecraft:poisonous_potato":25,"minecraft:porkchop":2,"minecraft:fermented_spider_eye":3,"minecraft:bone_meal":1,"minecraft:prismarine_crystals":14,"minecraft:sea_lantern":1,"minecraft:golden_chestplate":1,"minecraft:spider_eye":10,"minecraft:rabbit_foot":3,"minecraft:skeleton_skull":1,"minecraft:quartz_block":37,"minecraft:iron_hoe":1,"minecraft:stone_shovel":1,"minecraft:arrow":52,"minecraft:rotten_flesh":3,"minecraft:light_blue_wool":1,"minecraft:slime_block":26,"minecraft:diamond":20,"minecraft:golden_apple":3,"minecraft:white_terracotta":1,"minecraft:hay_block":8,"minecraft:sandstone_stairs":7,"minecraft:painting":5,"minecraft:golden_horse_armor":2,"minecraft:glistering_melon_slice":3,"minecraft:oak_leaves":3,"minecraft:blue_banner":2,"minecraft:baked_potato":12,"minecraft:blaze_rod":3,"minecraft:black_wool":1,"minecraft:mutton":4,"minecraft:obsidian":42,"minecraft:blaze_powder":3,"minecraft:ender_pearl":1},"minecraft:killed_by":{"minecraft:player":2}},"DataVersion":3465}