{"stat.chestOpened":7,"stat.walkOneCm":7426,"stat.trappedChestTriggered":2,"stat.playerKills":1,"stat.craftItem.minecraft.planks":4,"stat.horseOneCm":403962,"stat.useItem.minecraft.egg":2,"stat.pickup.minecraft.crafting_table":1,"stat.damageTaken":81,"stat.craftItem.minecraft.crafting_table":1,"stat.mineBlock.minecraft.log":1,"stat.talkedToVillager":1,"stat.pickup.minecraft.iron_leggings":1,"stat.pickup.minecraft.log":1,"stat.flyOneCm":25762,"stat.deaths":1,"stat.pickup.minecraft.wheat_seeds":5,"stat.jump":104,"stat.pickup.minecraft.egg":3,"stat.swimOneCm":22,"stat.playOneMinute":10731,"stat.fallOneCm":1949,"stat.climbOneCm":659,"stat.pickup.minecraft.torch":1,"stat.sneakTime":277,"stat.damageDealt":224,"stat.crouchOneCm":436,"stat.timeSinceDeath":1927,"stat.sprintOneCm":25608,"stat.useItem.minecraft.stone_slab2":2,"stat.pickup.minecraft.iron_chestplate":1,"stat.pickup.minecraft.skull":1,"stat.pickup.minecraft.wheat":4}