{"stat.chestOpened":7,"stat.walkOneCm":18908,"stat.trappedChestTriggered":2,"stat.playerKills":3,"stat.craftItem.minecraft.planks":4,"stat.horseOneCm":645556,"stat.useItem.minecraft.egg":2,"stat.leaveGame":1,"stat.pickup.minecraft.crafting_table":1,"stat.pickup.minecraft.anvil":1,"stat.damageTaken":239,"stat.craftItem.minecraft.crafting_table":1,"stat.mineBlock.minecraft.log":1,"stat.talkedToVillager":1,"stat.pickup.minecraft.iron_leggings":1,"stat.pickup.minecraft.log":1,"stat.flyOneCm":30061,"stat.deaths":1,"stat.pickup.minecraft.wheat_seeds":13,"stat.jump":173,"stat.pickup.minecraft.egg":3,"stat.swimOneCm":22,"stat.playOneMinute":16783,"stat.fallOneCm":2903,"stat.climbOneCm":659,"stat.pickup.minecraft.torch":1,"stat.sneakTime":286,"stat.damageDealt":593,"stat.crouchOneCm":485,"stat.timeSinceDeath":7979,"stat.sprintOneCm":32345,"stat.useItem.minecraft.stone_slab2":2,"stat.pickup.minecraft.iron_chestplate":1,"stat.pickup.minecraft.skull":1,"stat.pickup.minecraft.wheat":9}