{"stat.chestOpened":2,"stat.walkOneCm":53484,"stat.useItem.minecraft.bread":4,"stat.drop.minecraft.wheat":5,"stat.horseOneCm":35114,"stat.leaveGame":7,"stat.jump":272,"stat.swimOneCm":143,"stat.fallOneCm":8330,"stat.climbOneCm":1947,"stat.craftItem.minecraft.bread":6,"stat.crouchOneCm":822,"stat.pickup.minecraft.painting":1,"stat.sprintOneCm":29224,"stat.craftingTableInteraction":7,"stat.useItem.minecraft.egg":2,"stat.damageTaken":119,"stat.flyOneCm":41825,"stat.pickup.minecraft.wheat_seeds":34,"stat.drop":5,"stat.pickup.minecraft.egg":2,"stat.playOneMinute":28742,"stat.drop.minecraft.wheat_seeds":26,"stat.sneakTime":517,"stat.damageDealt":110,"stat.timeSinceDeath":28742,"stat.pickup.minecraft.wheat":25}