{"stat.flyOneCm":19879,"stat.walkOneCm":22471,"stat.pickup.minecraft.wheat_seeds":12,"stat.drop":3,"stat.jump":122,"stat.pickup.minecraft.egg":1,"stat.playOneMinute":6841,"stat.fallOneCm":4757,"stat.drop.minecraft.wheat_seeds":12,"stat.drop.minecraft.wheat":5,"stat.climbOneCm":1947,"stat.useItem.minecraft.egg":1,"stat.leaveGame":5,"stat.sneakTime":154,"stat.damageTaken":89,"stat.damageDealt":45,"stat.craftItem.minecraft.bread":2,"stat.crouchOneCm":354,"stat.timeSinceDeath":6841,"stat.pickup.minecraft.painting":1,"stat.sprintOneCm":15198,"stat.pickup.minecraft.wheat":13,"stat.craftingTableInteraction":5}