{"stat.chestOpened":2,"stat.walkOneCm":105149,"stat.useItem.minecraft.bread":6,"stat.drop.minecraft.wheat":6,"stat.horseOneCm":374846,"stat.leaveGame":8,"stat.jump":565,"stat.swimOneCm":267,"stat.fallOneCm":22034,"stat.climbOneCm":3305,"stat.craftItem.minecraft.bread":8,"stat.crouchOneCm":9434,"stat.pickup.minecraft.painting":1,"stat.sprintOneCm":60364,"stat.craftingTableInteraction":8,"stat.useItem.minecraft.egg":2,"stat.damageTaken":1371,"stat.flyOneCm":110209,"stat.deaths":5,"stat.pickup.minecraft.wheat_seeds":47,"stat.drop":6,"stat.pickup.minecraft.egg":2,"stat.playOneMinute":66392,"stat.drop.minecraft.wheat_seeds":26,"stat.sneakTime":2599,"stat.damageDealt":165,"stat.timeSinceDeath":840,"stat.pickup.minecraft.wheat":34}