{"stat.chestOpened":2,"stat.walkOneCm":36222,"stat.useItem.minecraft.bread":3,"stat.drop.minecraft.wheat":5,"stat.horseOneCm":35114,"stat.leaveGame":7,"stat.jump":205,"stat.swimOneCm":143,"stat.fallOneCm":6867,"stat.climbOneCm":1947,"stat.craftItem.minecraft.bread":4,"stat.crouchOneCm":466,"stat.pickup.minecraft.painting":1,"stat.sprintOneCm":20554,"stat.craftingTableInteraction":6,"stat.useItem.minecraft.egg":2,"stat.damageTaken":119,"stat.flyOneCm":29684,"stat.pickup.minecraft.wheat_seeds":32,"stat.drop":5,"stat.pickup.minecraft.egg":2,"stat.playOneMinute":23019,"stat.drop.minecraft.wheat_seeds":26,"stat.sneakTime":353,"stat.damageDealt":100,"stat.timeSinceDeath":23019,"stat.pickup.minecraft.wheat":25}