{"stat.chestOpened":2,"stat.walkOneCm":97310,"stat.useItem.minecraft.bread":6,"stat.drop.minecraft.wheat":5,"stat.horseOneCm":35114,"stat.leaveGame":7,"stat.jump":471,"stat.swimOneCm":267,"stat.fallOneCm":11639,"stat.climbOneCm":1947,"stat.craftItem.minecraft.bread":8,"stat.crouchOneCm":9004,"stat.pickup.minecraft.painting":1,"stat.sprintOneCm":50726,"stat.craftingTableInteraction":8,"stat.useItem.minecraft.egg":2,"stat.damageTaken":161,"stat.flyOneCm":78618,"stat.pickup.minecraft.wheat_seeds":47,"stat.drop":5,"stat.pickup.minecraft.egg":2,"stat.playOneMinute":54842,"stat.drop.minecraft.wheat_seeds":26,"stat.sneakTime":2500,"stat.damageDealt":165,"stat.timeSinceDeath":54842,"stat.pickup.minecraft.wheat":33}