{"stat.chestOpened":2,"stat.walkOneCm":32254,"stat.useItem.minecraft.bread":3,"stat.drop.minecraft.wheat":5,"stat.horseOneCm":35114,"stat.leaveGame":6,"stat.jump":170,"stat.swimOneCm":143,"stat.fallOneCm":6254,"stat.climbOneCm":1947,"stat.craftItem.minecraft.bread":4,"stat.crouchOneCm":428,"stat.pickup.minecraft.painting":1,"stat.sprintOneCm":18263,"stat.craftingTableInteraction":6,"stat.useItem.minecraft.egg":1,"stat.damageTaken":99,"stat.flyOneCm":22382,"stat.pickup.minecraft.wheat_seeds":32,"stat.drop":5,"stat.pickup.minecraft.egg":2,"stat.playOneMinute":19325,"stat.drop.minecraft.wheat_seeds":26,"stat.sneakTime":327,"stat.damageDealt":45,"stat.timeSinceDeath":19325,"stat.pickup.minecraft.wheat":25}