{"stat.chestOpened":2,"stat.walkOneCm":82702,"stat.useItem.minecraft.bread":5,"stat.drop.minecraft.wheat":5,"stat.horseOneCm":35114,"stat.leaveGame":7,"stat.jump":352,"stat.swimOneCm":143,"stat.fallOneCm":9700,"stat.climbOneCm":1947,"stat.craftItem.minecraft.bread":6,"stat.crouchOneCm":6564,"stat.pickup.minecraft.painting":1,"stat.sprintOneCm":37515,"stat.craftingTableInteraction":7,"stat.useItem.minecraft.egg":2,"stat.damageTaken":151,"stat.flyOneCm":55791,"stat.pickup.minecraft.wheat_seeds":39,"stat.drop":5,"stat.pickup.minecraft.egg":2,"stat.playOneMinute":41342,"stat.drop.minecraft.wheat_seeds":26,"stat.sneakTime":1770,"stat.damageDealt":165,"stat.timeSinceDeath":41342,"stat.pickup.minecraft.wheat":28}